objno_deep2,zhelio
12011416,0.561415009792561
12023279,0.8232241349671774
13017399,1.0269450961590434
12008131,0.45956974625968733
12003729,0.5152124041121181
12003313,1.0017739630805802
11021040,0.6956538012039719
13020559,0.8722418356571282
14029818,0.6755067624097519
13049159,0.681485688402752
13026194,1.0974420231069801
13028427,0.7208784225149447
13035570,0.6654288510584994
13018058,0.3999273739435995
12005533,0.7755968977173389
12027865,1.205811823614733
14028737,0.9328125417358915
13034892,0.8089055989873108
13058802,0.5334211497060662
13034266,0.7741434034587718
12015933,1.350745746728639
13019356,0.6755067624097519
13043664,0.6770498484548051
13026703,0.8780446217514306
14034435,0.339019978501151
11045189,0.4993106545728332
12029430,0.3713178984114
12020460,0.5225803333578015
11051190,0.476701299740572
12020226,1.1319331986313281
13064313,0.999004199751715
12029047,1.0526931370855592
13064464,0.6756021740973661
14024652,1.0987349798206545
14012814,0.93854067034962
14021539,0.7314987993637302
13058710,0.42870474962310645
11027452,0.9006957818589791
13026761,0.7630599788406092
13055360,0.8734987408347505
12024872,0.93141852706059
12021021,0.8305556462601047
11051962,0.29873390355782786
12027965,0.5158191564821788
13051672,0.24447955705240182
11032750,0.44560243765866714
13055272,0.7044343988772895
11101473,0.9615884152178971
11006363,0.788128922206674
11034334,1.055645438422706
11033434,0.2883150899790742
14028987,0.6882602490331584
12004729,0.9685669779451085
14018493,0.6267054667426799
13020183,0.6338879334353376
13010247,1.0819969397357763
13003917,0.6746207362333922
12012294,1.1750574599962864
11051724,0.3047170899450955
13032491,0.45289095993998385
12101115,1.3528556925584858
12028825,0.749266634051087
11040256,1.3317555335878366
14034601,1.1942468919053164
14023103,0.5429488347527388
11015202,0.37217924419864934
14011252,0.7011270035835956
12028457,0.4849822200240288
12007663,1.027620337689724
14028119,1.161635791486861
14007176,0.4355787937774787
12025109,1.1367093501984724
14028452,0.7443808563994829
11013937,0.6276561470854188
12017074,0.6882907983171922
14016678,1.0701081937768153
14033288,0.4961455574624374
12029045,0.6780013100629334
13026732,0.7915030098104773
13027026,1.09199463371845
13025375,0.8026743454476136
13012069,0.5466197009142141
12007621,0.7299233215484161
12016619,0.801025574613734
12007683,1.0121815683352733
11045638,1.1254931516668596
13005509,0.35501080569760735
13032755,0.9769918559757841
12003637,1.022091100375251
12028626,0.35170753545303174
12032544,0.20747432157190385
14017935,0.6839577581404588
13040732,0.47137950992782285
11044620,0.21757301452207567
13034445,1.2045508226878674
13035996,1.0923068179892843
11051648,0.8058692603885619
11046508,0.4196638863831468
12024336,1.4675206669557634
13051230,0.3796333419637818
12009171,1.0617649862527643
12032532,0.8419273992704998
11007823,0.22090084314071598
14011560,1.0862807888365162
13019862,0.3407059541512139
13026080,0.853977160636233
13035330,0.350331006376255
12029226,0.9527465452632076
12012494,0.4953548818312481
14018277,0.36767123158813236
13040940,1.1610566866906888
13034137,0.9347361213434223
12023760,0.3386652199929303
12028365,0.3906319990473957
11033809,1.114724697733252
11045168,1.0197107238558778
12016592,0.48528019124515387
11007873,0.30480383104304615
13063785,0.5715114017428304
13011113,0.5446496350109981
14016865,0.777577033850241
11045186,0.4768370995693781
14034659,0.43010265408650855
12024884,0.815897533348711
12015938,1.09495017188403
14011284,0.7877176138175024
11031171,0.2864925032326013
13010923,0.7208550435668212
12008251,1.2083461873544474
13035874,0.9722324029236145
12012513,0.5313583324899451
13003434,0.6694463362335368
14018687,0.545864685555977
12005419,1.0980910244393525
13049865,0.6838502185639117
12024755,1.4424932481439527
14006846,0.5194025884268791
14023227,0.5025286895480382
11027394,0.9002079121302549
11033559,0.4285353132783448
14006887,0.390556313282142
12019713,0.395917240167377
12019135,0.6925437857124838
13040908,0.5776053606206171
13101049,0.6873515903019611
11047070,0.5162727313198824
14016263,0.9792307896296463
13020587,0.14262874698560832
12012782,0.5175459486325776
12101118,0.7747980672147976
13020535,0.2908941951871779
12028551,0.7488456303591164
14012641,1.0073185205284245
13025271,0.7347911962847993
14006544,0.6444997100417461
13011059,0.7692930261605513
13055576,0.6755067624097519
13025832,0.6767153123953622
12012068,0.7289035815024851
13063861,0.28594117253039486
11052736,0.4075455515920234
12012433,0.47053084555368524
14022965,1.0141641953136709
11046356,0.7534372435775645
14027841,0.4846111039474206
11014351,1.1078219676814887
14034483,0.209540885516439
12004443,0.7148691942977357
12025024,0.4414254750670925
13010951,0.6914741378690347
13063832,1.228871885065349
12024917,0.1855439974410383
11051726,0.9028824478580646
13057557,0.6948923148661762
14027397,0.7190409449639452
11044350,1.0941758022714478
12019902,1.3343282545890316
11044680,0.7635685271110942
13027445,0.3527779975922814
13017202,0.4644020138435504
12012794,0.7105977516994344
13027139,0.7965321074402081
12027358,1.3983552813975693
11040228,0.7680091843867103
11050883,0.6746207362333922
14100756,0.93854067034962
14007996,0.5465097021964843
12023622,0.7098745151180117
13040065,0.8174119206414063
12100758,1.2115099495235209
12007196,0.6625944142874448
12015118,0.4682724943153575
13016341,0.7086958453767411
13056000,0.7112699931772026
13057505,0.9515077823378146
13003385,0.2700235776751499
11051235,0.537389706636438
11038382,1.2693605678833748
12020279,0.9885220855271187
12025532,0.9057022282006489
13036413,0.4082745046970516
14006178,0.3620588697929289
13034499,0.728130445933316
11019069,0.8827423645689235
14100805,1.206491019264974
13100238,0.7148251263510029
14039621,0.2808746258852368
12100559,1.3320056189236644
14007400,0.956267938290088
13059034,0.2775379810097042
12100154,0.25130451643687257
13019398,0.4523822812172257
13033760,1.2781312193270316
12023941,1.3604241135925577
11050775,0.7978079062767464
12020615,0.32735535580014874
11040739,0.8642021356058656
14017067,0.7811364498724185
13064937,0.46504680938792753
13035084,1.3720434230723508
12009094,0.33205530944286304
14028799,1.084279334623665
11031579,0.9615884152178971
13055292,0.5871646204938605
13050924,1.0714148284881055
13100756,0.396855253528959
11014390,0.9491334951377953
13063155,1.3384700381864574
13042393,0.6755067624097519
13018922,1.2390382977589613
13062953,0.9772702435616085
13057852,0.4520431375857894
14039955,0.613121024397217
11051653,0.8176709851544636
11039583,0.23068823769126556
11020631,0.8376801164424754
12024894,0.2563509385633446
12029588,0.6207067525510398
13051092,0.8315265670824817
13009933,0.4268764877555723
13003269,1.0078934622297395
13101295,1.4528638278531694
12016787,0.24908459948945041
14012587,0.8712877195976063
12024580,0.3646920570838548
12016281,0.47161855030558025
11046351,0.863863180129304
14029107,0.6579860142139293
13056983,1.1263773449747074
13012487,0.8500033756909893
14035145,0.2710579223513167
13004837,0.8305556462601047
13043436,0.9964377413287656
12016347,0.2595890258957322
12011961,0.93854067034962
14035098,1.1900699634211835
13036478,1.422536449380262
11037772,0.6746207362333922
13032926,0.7314490115668033
12015392,0.7913162614273908
12008827,1.0498716498431178
13050172,0.5637652212194522
12020308,1.4286705927956251
12027772,0.6515616055482064
13010374,1.0194290927765588
12003792,0.6917242141847344
13018943,0.37011235726815805
12024858,0.2095595982557956
14016974,0.4233429262553179
12028140,0.5356623072516766
12012326,0.36907028327712693
13063956,0.7490083833455752
11021273,0.9734068802574352
11032910,0.9820997216271994
11026927,0.4915143703993627
13058766,0.30105382369459627
11026386,1.0088997311348105
13040203,0.6755067624097519
14100370,0.33483142016788286
12008510,0.2883353680904417
12011295,0.47045602969964
14012797,0.42303725713134543
12005047,0.8627566118316654
13009902,0.45191460806666917
14027189,0.9227733780119026
13026154,0.6755067624097519
13004292,0.355506447867742
12101094,1.384921131677844
11007848,0.3421475262125516
11047679,0.5023518448559628
13035903,1.2530332488944613
13010896,0.9053219193101328
14006821,0.9582722958750025
11046473,0.6507515206343919
13064139,0.3831548523076574
13024769,0.7500201349781721
11046267,1.2310139850630484
12100759,0.9856420690733712
13042361,0.9013859505696286
12009037,0.4600752415094457
12012215,0.3037820376010183
14100096,0.6755067624097519
11031303,0.8737050841122576
13044266,0.8072072379837201
11044182,0.5165437860261913
12011668,1.047645687439032
13101995,0.5927858947280055
14028429,0.3112472939404196
13049825,0.32673552878405576
13040741,0.3976730727493788
11038273,1.535650100197651
12020063,0.5401738511178551
11021746,0.8767471202298041
12017388,0.851009451073735
11026382,0.27977562074883755
12008911,1.1952019822854805
13063856,0.9402414628471643
13026542,0.867478016328725
11051499,0.9626668361847658
12011767,1.2212384113658985
13010099,0.331168591004846
12003765,0.722831595358078
13041676,0.2371633916671337
11032358,0.5773295596702039
13010254,1.287975538546216
12025231,0.08860996193531089
13020230,0.7971149710317668
14016225,0.6826251630427711
12007511,0.8992090971412139
12013238,0.5880925389950636
12015531,0.5995249601655365
12012064,0.3787838079156693
14017982,0.26000531234882396
14023644,1.2106302519011758
11039706,0.6584220568577606
13026112,0.3385712804171504
13033731,1.2700079477349981
12016719,0.6161072653111517
14023468,0.4951044841020823
12005125,0.8067696741012882
12019377,0.3508838618646357
12016150,0.6866112240106571
12028046,0.6568968661587242
12012559,1.1731969669276614
14012963,1.0693726221443915
11051533,0.8064661316050182
12009269,1.2203872651923473
13051539,0.32294423794594435
12029027,0.5599314527598691
11039432,0.8803152694077965
12027695,0.45803648360083665
12004487,0.432123644062511
14039135,1.2414924947213926
13027790,0.767310720090226
13017370,0.41666843637699846
13011979,1.226771044733197
13004693,0.33385415790009965
13025009,1.3526667283771352
13033864,0.7609772844480411
13034747,0.8862753296335117
13040814,0.3638812115523883
13033966,1.3071639281845095
12003869,0.9521419987884497
13033885,0.6188967702305261
13009982,1.200426689130924
12019800,1.106431710438846
11020734,0.35825702455844954
11021075,0.9505831048150217
11046514,0.6755067624097519
14012204,1.0671580158198546
13057879,0.93854067034962
14034224,0.6755067624097519
13028039,0.783573762193923
12003664,0.8311192581168434
14016307,0.5954421897370643
13049771,0.9059630360471789
11051167,1.380382541027417
12029472,0.37346243738115953
11013886,0.4319969200274473
13036008,0.6981788641236091
13018682,0.7614904631966665
13005066,0.448274874270152
12020127,1.3002829631775836
11020588,0.730027487472123
13041286,0.919937467776505
13100543,0.9491386808048747
11045209,0.815894588122309
14033631,0.5534127858746215
12027702,0.4707759793949811
14022469,1.309171281998605
13010199,0.6041789433559744
13016870,1.0915465047723982
13017686,0.6787376198665709
13003318,1.2080231227909906
11014349,1.1706956688405097
11026450,0.3515321995521842
13049736,0.7322641730917732
11021002,0.882457796667918
12024928,0.5100616088825698
13027875,0.4578320962484319
14034709,0.8906633478772996
11034271,0.8868996105653232
13058765,0.508697879392941
12018990,0.8189892841731619
13058693,0.5382421542842477
12015966,1.1938080774955395
13033835,0.9532700121724671
14028474,0.31800911535326337
12019745,0.787705850237528
11015228,0.4569875452163442
14022899,0.3884769567575274
12015949,1.1630880498965108
11027975,0.830599792269904
14006713,0.5943828731593583
13033172,0.6436645362169722
13051879,1.4455218476294502
13064904,0.6331721798685479
13032467,0.8644511740460901
11041347,0.14827212593958922
12016731,0.4841954389103763
13031815,0.93854067034962
13048997,0.5082247979597438
11045934,0.6738604766571723
12017194,0.5541656438440699
11039139,0.8156023839823625
13035927,0.7365881083577075
11051236,0.49356439085361536
12020628,0.49200677373133855
12004687,0.9695078651889849
12013234,0.29355084958176064
12015626,1.0336699078552711
13024029,0.31495182588776705
14018476,0.5779694326929756
11012940,1.0402831271018163
13020619,0.43699637987809414
11039150,0.6964943208750594
12008513,0.9270170955614272
11038561,0.802290245225119
14007987,0.4971460734801975
13026538,0.5224875186024601
11051984,0.8942606344120806
12020184,0.7454128482952374
11052755,0.23716081680540235
12024828,0.8305556462601047
11032739,0.2622644641518166
14002228,0.9751724092673322
13031821,0.6755067624097519
11045532,0.920395591856814
11007749,1.102169899371898
11033882,0.459176074757838
13019247,0.9707457463951519
12024851,0.47135558739330796
11020606,0.8999195195745657
11052341,0.35824665740165484
13013039,0.9594758627971793
13059316,0.23542536311633205
14100807,0.9036527939742415
12028696,0.37474802281746344
13035862,0.7109498251587187
12020179,1.0677825714318434
12011891,0.5467656918640655
11026403,0.40898357551524134
11015296,0.5449538580827076
11033012,0.6855920330442247
11008311,0.7332543433637065
13017517,0.93854067034962
11039902,0.7496000846209983
12028731,0.602565960607428
13017296,0.5804771833963525
12028331,1.0484115533705405
13032515,0.40137408817496223
12007455,0.6817855539704478
13056258,0.48770869154070223
12024932,0.14285234865099766
11033623,0.9615884152178971
11050989,0.8188968102706988
12007472,1.0171306172461863
13012163,1.0364269041085912
12015255,0.6792834190762023
13010625,0.3180315872889392
12015814,0.5776693800153767
14100342,1.1028186552764296
13003388,1.2251547938061922
13048969,0.9464483804962062
11046928,0.40767728065132713
12100036,1.346310524978613
12023700,0.8160071844932388
12008851,0.7104898337408387
13016662,0.6755067624097519
13042073,0.4533150756132822
13003405,1.345089428379839
14013108,0.2388639424711497
14027644,0.9794847422966217
11041293,1.1787862043298742
14023724,0.4343251733867549
13044269,0.8943035189896886
13024524,0.5082387896795254
11040834,0.34038887135646534
11018870,0.6755067624097519
11007393,0.4120096880951013
11021220,0.35670829131713283
11032831,0.8523432488423114
13056127,0.6104407563404267
13049747,0.7738823848415346
12015439,1.5802392250920674
13032344,1.0589038933132588
12015507,1.0318954892440855
13011789,1.4246087152395817
13049598,0.7326141084641185
12016362,0.9180648768837676
13049899,0.8613299547639498
13026472,0.9284190681201672
14023658,0.7971511713520533
13003400,0.9109570167854891
12024044,0.9939266890577635
11014382,0.8607288191270284
11014235,0.24684525595759513
12008575,0.5865176659386466
14033484,1.036905100008095
11008352,0.6222652511380202
12025269,1.2104040687052326
13033105,1.2468276987073792
12019339,1.4940829375147242
14022415,0.3240935357043969
11026982,0.9110595939565431
14033134,0.9227332212285398
13011072,0.7729632916468024
12007424,0.9329115214396019
13010841,0.7986489608603868
12015560,0.4717216776925046
13056079,1.1921989291890425
11101590,0.4992058273933806
11039245,0.24654508418074184
12019186,0.6136296249343949
14027356,0.7778605012749303
13058245,1.534884156652222
13049570,0.4290293778357068
13024765,0.5482142861599373
13032747,0.9855511921455645
13018541,1.5244605639353188
12003550,0.9782823336820037
12027507,0.9179143095687685
13010561,0.7783788179225511
11032157,0.16172710834770979
11051004,0.5220552843217158
12003986,0.9886870738563166
11021749,1.232135782024945
13051207,0.553409475064323
11026460,0.6115306652104999
13003821,0.7574118777585762
11052315,0.7590862576757885
13040189,0.37666702455479945
11051619,0.4190846933692084
13059429,1.127186686325828
12005453,0.8614847171635583
12020726,0.3653943795744376
13063409,0.275117670952757
13042383,0.4595574094467582
14034694,0.836549013415052
12020404,0.7853149513877486
12024843,0.8280780556572901
12015154,0.7206786374538925
14028559,0.5911287818032869
13042347,0.3641787251002912
14011956,1.1413246998973627
13058170,0.7970566102284256
13011794,0.8996479155328497
13048177,0.6779915543161363
11021303,0.20302102050685208
13025646,0.40357689527651647
14006211,0.6110373832178535
13010520,1.3859605634288674
14023283,0.9194414207128335
14018224,0.6200018789018646
12011520,0.4106479467269793
11038979,0.7735793005514289
12029890,0.40966025080083956
12016312,0.2860172174424339
14033265,0.5542009339218741
12005203,0.4996266214904173
11002200,0.20143376042429706
12016351,0.7858096420711373
14034206,0.9669312482726726
13040878,1.3212607881923515
13025520,0.8970304933155661
13041636,0.42692102432955575
12019233,0.4453196007910635
11047477,1.1120902358938691
13012404,0.8045976668099107
13059322,0.6654962997100415
14013732,1.0385395111829003
14001836,0.6989581435650293
13010765,1.0489261430607222
14016642,0.8833379457739834
13020598,0.2900464737637692
12024340,0.49129947566158927
12003490,0.5648465952675252
13041589,1.1497392614309778
14011077,0.7626662057337015
11051906,0.47412727598703963
14100569,0.93854067034962
14028497,1.157706806505652
14028048,0.8726493171796522
12008170,0.4488857649536889
13047725,0.24370085990421117
12012414,0.9670558345645439
11046499,0.6664676476046578
12004116,0.8082814012366046
14022382,0.37211193941754434
12024253,1.2444461329941845
12007934,0.824129503896342
13063321,0.854696049118453
13020524,1.247473489230175
13026042,0.9683449186170225
11026861,0.9359818754045202
13033547,0.5067529221920194
14005496,0.7729483061203679
12009337,0.38000288924583464
12009314,0.6746207362333922
13043565,0.22500581508099204
13034634,1.0647061946226073
11040794,0.8087365777230116
12024004,0.8877934830660819
11051273,0.6755067624097519
12023331,0.3894424061601069
14021930,0.4582193136875724
13032193,0.1815031445263688
14013785,0.6144683056647298
13035249,0.9698761040844652
12011561,1.3147118474721369
12016407,0.7273249225977949
13010539,1.1962728905859907
11032667,1.1530848673533856
13033205,0.4455356929930275
14012216,0.3760990299657569
12020903,0.9364215200404484
11045907,0.9615884152178971
13003863,0.755171881097568
13041633,0.7128502813425537
14016774,0.49323991994169125
14017658,1.1779144261420191
14021938,0.2561865677743647
13057447,0.6002431116116933
13027375,1.2373408326105984
13051176,0.9689174943726059
11045723,0.45523002293933135
13101020,0.7364077152724547
12101421,0.6755067624097519
13058241,0.53989122986982
13027930,0.3610549548854606
12005326,1.1749307316322528
13043083,0.7962088663772693
11037849,0.4826100897582451
13018986,1.4553643292720988
12003740,0.6581311383452346
13009817,0.3580370880018602
13036568,1.3691100840042314
12019983,1.0927947889637397
13025410,0.5537120770963504
14039983,0.5053219081968033
13042412,0.6755067624097519
11032508,0.7419046321575344
12012065,0.9616405450881013
13063490,0.3654202259813445
14024221,0.17186616898185397
13010991,0.9836205843682503
11051456,0.8665798854593905
11020672,0.8697064181038872
14100566,0.7862201608925793
13055074,1.170282170605238
12017092,1.133925344810602
12024409,1.0268011712911185
12020984,0.4799485666781698
13058800,0.38902851399346816
14034152,0.3644144446691649
13010107,1.172415319614994
14012143,0.7039628331041279
12012170,0.690828595445316
12005063,0.9633542957456788
11021284,0.6058647308279899
11039610,0.32447410453730485
11040153,1.0102626418714178
11045655,0.8309132177526827
13050238,0.19116676915897995
13017849,0.14518177390885098
13009718,0.5603960377633477
13019294,0.7906302565381159
13018673,0.49346033335979406
12021367,0.7654642181252795
12015681,0.5859343899053291
13059430,1.1401569584703128
12012425,1.2204584323741603
11026246,1.0372974956875571
13003612,0.5495048852300308
11013638,0.9087474232063957
11031881,0.6554519171207702
11007598,0.7632687787835577
12012218,0.7203736416375464
13033207,0.35676912574978303
12008715,0.8459599163540835
13059362,0.24504061535643942
11032332,0.877310037359274
13050287,1.033047958861961
12004417,0.3069174218302066
12020728,0.6755067624097519
13058822,0.5272943547512937
11034074,0.8871833864989285
13003141,0.9551815932578701
11027545,0.8341168202803159
11047036,0.1336669300863429
12016993,0.42748874790602576
13003874,0.6614755228583473
12012167,0.6755067624097519
14022769,0.8745626273947653
14006545,0.7944345004030746
13042722,0.6755067624097519
12029182,0.3904373127376081
12020346,0.5121090396013326
12024459,1.5481342198969643
12012031,0.8311345145893678
14012864,0.6535006262110306
12019627,0.9280229325669076
13018616,0.5018855638612156
12021344,1.0671567311411405
13010509,0.7069153180527735
13101170,0.9993097437567693
12016224,0.6130961065134081
12010897,1.3137375608520814
12019476,0.39999034443280157
12009152,0.8253037204402546
11040071,0.8184515381257784
14100329,0.7424795167734504
14028097,0.5228979459692776
13033517,0.3463236138574536
13063753,0.759274112827351
13004372,1.3768941920637197
12027512,1.0645684977924386
12101131,1.183385907658405
14039520,1.1184969852639794
13063099,0.9868920092118078
14006168,1.0114899990045083
13063594,0.8382226719920929
13033927,0.7337944986380038
11050699,1.3434043246779397
11052102,0.5741291598123626
13012401,1.1834932143517798
11026682,0.5351815274764822
14100307,0.580598643946857
11031998,0.8039547855149913
13019070,0.61140993508911
14016819,0.41986226779241936
14017053,1.0485460739889518
13055236,0.6425901917398363
13019090,1.475095969890371
12024189,0.14987248219813448
12007868,0.3752721112568669
14022599,0.9620803266685369
13050489,0.5805124627841765
13025471,0.2565232533926527
14007118,0.36933039760350606
13003096,0.4079628501572419
12016968,0.2999788845962809
12008562,0.8374439859933911
12012205,1.4125251620127437
12024956,0.6746207362333922
12011463,0.7465710060427604
13043396,0.8550280448879325
13033209,1.2488360022566574
14033011,0.6409757477086249
11034314,0.7595559219351866
14006783,0.9723974361546586
13040217,1.12793678786001
11027767,0.7595559219351866
13003731,1.193330579612678
13019463,0.682090068343791
12016659,0.998817808489327
11046444,0.9906035218254806
13026561,0.8078505195514463
12008005,0.942297759351502
13063584,0.17450680033754157
11030927,0.8367577942214074
13012099,0.40129570512404533
11044540,0.485355252297558
14028101,0.5512101466313744
13012362,1.5345198775302813
11026038,1.0878257631479418
11051146,0.5356480328938473
11052435,0.5268114010163777
13064457,0.3848096485498029
12028801,0.9894523509697603
13003362,0.4572855786306509
12024822,0.32078152781073976
11013240,1.1450079574362833
12020928,0.8972954859250623
14016435,0.9801732962737874
13058168,0.93854067034962
13049357,0.6612893455625336
11007845,0.299817257982793
13012347,0.73260828596202
12007512,0.9200035957959154
11032123,0.30174558656419903
11025663,0.906494122414465
13058748,0.4236741072385846
14100108,0.6159346262914682
11027927,0.5372546347924966
12027520,1.2980005068767615
13043501,0.3166458249078231
12025220,0.6755067624097519
11047092,0.5249160173377968
13027485,0.38155896477525253
13012000,1.1342830977252543
11028086,0.9820567465589073
12020913,0.6755067624097519
11052466,0.9389245166441075
12016880,1.5636364223659278
12101293,0.6755067624097519
13043507,0.8990041968959327
13036564,0.8986867288531996
12027454,0.21025003693615457
11051934,0.42203730729661015
13042715,0.20437094761439314
14033660,1.069352511213721
13057521,1.1954706373319814
12025039,1.0496839385712344
11040763,1.156150320617129
12008464,1.2111414186596978
13025833,1.0120999237301798
12011955,1.042077879417128
13027427,1.093327868764523
13027281,0.8809617720849677
13056628,0.7291987577228658
11052576,0.4667637637481743
12020425,0.23198980061879096
11100374,1.0358189286093447
11037816,0.7958338536996168
12023914,0.9472536379981062
13051183,1.3830981505838902
13058297,1.127898893809895
11052294,0.9754390762244122
13033104,0.770057226184402
11008329,0.7268049306753953
11021773,0.8173934763479944
13050474,0.8929507348622486
11012985,0.39428204893847085
14007682,1.218784393193156
13051869,0.356810985415159
13041554,0.575852507670351
12025417,0.697279732632559
11020482,1.1110496884414771
12010920,1.232062276360195
14027566,0.3757820937497667
11039881,0.8454344513169154
13043718,1.171201676904265
13033035,0.7441320592218399
13012392,0.42818450713910244
13021141,0.8772923101450142
11044664,1.0613000385949944
13056822,0.9010153836038907
13049178,0.6211105607922287
13050352,0.5652747280642025
11038571,0.9510275414680581
14012838,0.756888048529734
14018310,0.5728591923261962
13025674,0.5912686567832659
12003927,0.7519085889181286
14023705,0.7774701625853463
11026348,0.8021776353820212
12007906,0.4243839740014568
13010404,0.6267526001231296
13003595,0.5796958013777334
11021771,0.34396819941813517
12021446,0.8646940803322056
12008622,0.6755067624097519
14017529,0.7199750234021232
12012313,0.7274708700941763
11013893,0.3060173449051599
13050886,1.556020690193136
12011483,0.47457343097929794
11022326,1.0522278635355868
12021357,1.3063758750290337
13049885,0.47592526935404716
14012084,1.2551883553581478
11028367,0.5064043540110525
14021422,0.6585619993337096
12004864,1.342505851244741
14016679,0.7318021526893481
12019248,0.7690913061806501
13043720,0.14582937523924316
13033093,0.7606666058729133
14007156,0.1952152826131739
13025995,1.0636254066481423
14100268,0.7353907128953088
14028513,0.12341952604188644
13027630,1.057064821028506
13041591,0.6083655909827714
12011927,1.3553621653813004
12016524,1.4954819877157643
12008515,0.5009286967013766
13040789,1.1813952175470632
13043535,1.112071072311104
12004848,0.47131162751482003
14012388,1.1509540252646098
13025443,0.6755067624097519
13051218,0.7376364193034635
11034385,0.4808002891564773
12029293,0.9573922428575915
11038526,0.6025734779865926
12028425,0.5534261656732943
14023101,0.7223560351849867
11037962,0.6738604766571723
13019123,0.20265898268863736
13064852,0.9736869894715641
13055266,0.43956739757174323
13048210,0.840203758793923
13040136,0.5043261312408193
11046480,0.9952034721161549
14007392,0.4654358208128042
13004268,0.8753165680343111
13010919,0.783804030944657
12025577,0.7371344859054835
12015980,1.5001732968832853
12020493,1.544264913708075
13033177,0.7264475534896997
12003894,0.3097738192383264
13034516,0.7495193297549583
12027331,1.1840506828568589
13032433,0.16594956621533632
13048303,0.9243230026145112
14027864,0.3551704849714347
14027414,0.8154239871464857
13018527,0.3405715901941361
12021033,1.1807577364062014
13034655,0.8382555438422242
14017027,0.2935406006843767
11044311,0.7996787047459033
13041658,0.6349926945813031
12012297,0.5757498003033195
13051197,0.1381147959798496
12023343,0.816668432493852
12012439,0.9918252244616957
14017438,1.2724487420387944
11027000,0.7861678851341685
13017974,0.7591200501947268
13064888,0.3932903327974646
13011931,1.0095064908111113
12025287,0.6781312369197744
14022420,1.1070276288773935
14027309,0.5842865452555566
12009206,0.8997386661528344
12012333,0.6931792609051185
12016585,0.9624118136758816
13027743,0.7322982387841008
13050930,0.9628975208166897
12024014,1.2846598171706698
13049853,0.856773308831557
13009613,0.1569811836763771
13043393,1.136321719312855
11020232,0.623700576334667
11052077,0.46834320384399547
13050348,0.739222273048683
13018388,0.1941525569514653
11051794,0.8463261509765334
13025574,1.4604099428852195
12024912,1.0615835454870215
13010525,0.5655899160188153
11045551,0.4494510948270041
13064634,0.9324393395982754
11025850,1.037453403003341
13057425,0.743213318904934
12027607,0.9914533712072358
13027082,0.3262225792948641
12028272,0.39142578747701906
14022946,1.1974297645723269
13056850,0.32377371933102816
13049221,1.2783713546089945
11044658,1.273511134809674
12008115,0.8758199989775317
12008130,1.210246973704581
13042944,0.6244909601212618
13024761,0.6755067624097519
12023686,1.331269117944179
13032333,0.8449480666478508
13011894,0.7654101829268688
11044961,0.5038825926998942
14017985,0.2872884122569407
13051222,0.33961717866437335
14012303,0.4043794098234194
12008181,0.25442073567768203
11020634,1.0920130122173455
14016667,0.7748785178332216
14016423,0.6500057007145226
11021283,1.0526613486656942
13011635,0.8305556462601047
14028042,0.9819729277889563
11021110,1.084848539403368
12015853,0.9347344470214356
13027156,0.4399694168818177
14022288,1.1464559571783735
13058235,0.7316443602410025
13004049,0.7435933360666074
12003564,0.6486859661314075
13019144,1.0404427898107904
13063375,0.9620307180736962
13049076,0.7882459666785617
13009864,0.46297599220326013
13017980,1.0659720152017311
13042661,1.1331215285825167
12011708,1.2951521677640405
11026188,0.3955590387372814
13057842,0.8630668473510856
11013278,0.8913015568470032
13010507,0.3569323217256022
13017307,1.115820312994964
13027296,0.747808168425535
12024833,0.6461416325515373
14006214,0.7589647617921963
12027928,1.227972549471386
14022785,0.97750471878617
13056845,0.6538291443886777
13040682,0.9793447015869909
13003846,0.34941446305863494
12008111,0.8193853088612969
13003513,0.9621681703045615
12028158,0.2971380225991439
13035134,0.7628079363905398
14039519,0.8816217094638782
12024464,0.5215930111691847
12020174,1.3028880827643847
12012387,1.4527043613173425
13064332,1.028265203264261
12024995,0.7628079363905398
11039110,0.5400804143776201
13100787,0.7802419906037715
12013237,0.39111330650583953
12024904,0.4614069269631482
11027535,0.6777390683267913
11046506,0.7351411028887631
12019628,0.5269037545251207
13033182,0.3389655940907267
14007001,0.42182779046098706
14026940,0.8944317909683294
13058803,0.6774294210986546
12024976,0.188113096375775
12017440,0.7056675101948429
13026192,0.1732798091031108
14012385,0.5018653971289955
12012284,1.1927169155823272
13019526,0.5202358548542361
14007136,0.44556802523370564
11033307,0.8769922030042059
14016850,0.5791242401539138
12015891,0.9572671838833111
13049168,0.6759653945431463
13003784,0.156584272031981
13058226,0.8678080848447991
12000814,0.21754489497151375
12019661,0.679086214601677
11019779,0.9186659081149251
11014209,0.31565866150035976
11033162,0.8163545737308862
14029284,0.9864472341728158
13051086,1.2476015999852903
11021620,0.9653740174367592
14005521,0.8077657656275073
13100318,0.7184450098986135
12004760,0.966114506690486
14038835,0.5245010073109546
11045244,0.4514110663581529
11033276,1.0545804560395178
12004204,1.0711805206476432
13017237,1.0062869171316113
11047551,1.1404534291641957
11044639,0.4420409501786658
13063488,0.6046908614960242
12028454,0.8161400851436884
12100569,1.4568467087006316
11045834,0.4658646667296067
13041503,0.6046028858168047
13048559,0.7139876365339968
12027874,0.9492283477910255
12023345,0.9850252416610173
12009697,0.5121705951568669
14016841,1.0985010570318294
13058154,0.6225565050904559
13057694,1.1120436914820273
14033797,0.45879215487673974
14029798,0.6755067624097519
13033596,1.3352110768416523
12100924,0.6369075854538421
13027980,0.979993214596546
13033248,1.3816092632235315
13036010,0.9542347831926786
13026082,0.6566513286377403
13043497,1.048839584261487
12017078,1.475524917092724
12028431,0.6754306368404972
11025709,0.2743039323074169
14039805,0.5575672689404135
12020416,0.7901398306909848
14022337,0.9685038149641645
11051996,0.824469371181644
12023646,0.9730403941672778
12020031,0.8386057510791413
14022270,0.39650105276981107
12007776,1.0225906425645137
13027290,0.5376788014491395
12012349,0.20180056893038126
11033176,0.4541279887339129
12018980,0.34841627863746927
13033754,0.783323859004422
12019873,1.2425094248544806
12024114,0.6348280393540638
11020707,0.814977574168916
11040154,0.948409782162484
11045402,0.46379084628551703
13005268,0.36638596214180175
13024653,0.18507987511167356
11038670,1.0088605594076339
12015594,0.47717615186645457
13064310,1.1443929117917393
13043733,0.9389575768093174
12007529,1.1938706587846277
12027875,0.4733960441338615
13017993,0.2652621180942952
11033173,1.053350289679924
14023564,0.7596001505600785
12021205,0.5396974381819655
11038304,0.7777834113966603
12025291,0.733965732258775
13035532,0.5932502623576266
13058547,0.6482042465896216
11020104,1.0451331464447906
12028348,1.2656396469888183
12019517,1.1805775033741739
14023046,0.7836573071364774
11025640,0.40708462523769856
12024199,0.79886296735272
12023514,0.845600151966548
11046423,0.36451871674476405
13025807,1.093719100872941
13047911,0.2615934483776635
11043820,0.9120197855676312
13004520,0.9373737939072717
12020476,0.7345024861806704
11044247,0.6746207362333922
13040852,0.4564350185334274
14008400,0.381091760777606
14012268,0.93854067034962
12027970,1.0382273284825345
11041385,0.3577453756385167
14039902,0.6714617113392611
13013001,0.9487308502866773
13025974,0.9477034212456307
11041195,0.2565535827328603
12015657,0.8305556462601047
11013340,1.064965381042982
12004444,0.938873719176381
13013014,1.1562077665677666
14028557,0.6802905823476568
14029014,0.39335802082621407
13056635,0.6997929111888186
14101280,0.32465527979225595
11026463,0.15795494287860407
13064306,0.8603161517165429
13027677,0.8806928831058836
14033803,0.49633968142566565
12020008,0.8661032667201037
13035877,0.8613506623783707
14002600,0.8712100678832622
12020896,0.7611156304774287
12016650,0.9964210731511374
13026201,0.549336296726332
14039133,0.9328413003921524
14012604,0.9124690759864696
13009559,1.3062913233800537
12017117,0.5492530767747591
12013428,1.2079118252127063
14018960,0.7476358803120727
14100336,1.1380304682458275
13017614,1.1435784614171596
13017300,0.6721714657708386
12016754,0.2965641928999778
13058483,0.8809376014287718
13059312,0.34714438162473793
12004233,1.013910582641559
14012706,1.00643415952359
11033781,0.49051109507831686
12011899,0.425733969536664
14011789,0.7123229410304961
13033123,0.3784759661524378
12007448,1.0429924593218933
12003610,0.6052741894799366
12029109,0.3091203990867364
14012371,0.7277425211107531
11020784,1.111350052026649
13058191,0.8001131313624348
12012526,0.6242229448863772
12024607,1.2273012797768346
13036012,0.3328470668504775
13027149,0.9616162667962299
13009268,1.1931725653213672
14002078,0.8616182126594083
12004801,0.2816312336662544
12019547,0.2917824711881698
14013559,0.25623049641461076
11013234,1.1540546205059763
11044623,1.0017846441077978
12020737,0.29485993903322993
14016962,0.854778594943344
14027610,0.2407476056370146
12028966,1.0613142938647382
13055063,0.5681504588591626
13028641,0.315788284323706
12028702,0.6028837912281655
11012894,0.6738604766571723
13027468,0.7688088039255171
11022133,0.7962975237317438
12024210,0.9479542453072181
12008531,1.0385985680571552
13051127,0.31424335597038056
14028890,1.1499223901230546
13042280,0.7570744828007914
13039912,1.5409225509241802
12019772,0.9321354042604348
12027967,1.3203084051598752
11021407,0.20451169089608578
11007865,0.7451640412642282
13033198,0.53692231246828
11027915,1.1810143015287207
11013688,0.6638172603831306
13043608,0.7268127510389488
12007820,0.9294772769966894
14022856,0.3777263665466905
11101318,0.8287132996228481
12021110,0.8040008158798541
12020708,0.7318428956845076
13063423,0.624622065819205
13042258,0.23825885336829863
12025565,0.7814684231801128
11032447,0.8446568288266212
14012868,0.6989883127540426
11026732,0.7835736486822269
12007258,0.3597496419779913
13035629,1.485256810282619
12021032,0.16915253850398437
12015731,0.9601555394015928
14016930,0.879227046221114
12024611,1.0821872870911025
13048610,1.0049644785370238
12011816,1.0200385572310167
13012994,0.7966475363177902
13024715,0.7427637604724452
12004068,0.9208510845458211
12024293,0.560813468630573
12029338,1.1407770818752943
12028550,0.3949905300262134
12027423,0.9411400179481593
12020811,0.8305556462601047
13018111,0.5178784824580063
13004323,0.21480720941963516
14011850,0.2940528149252034
11007308,0.39336469225043547
11033342,0.7650071251016517
13056112,0.9933099173777838
13040948,0.8366127598565858
11039792,0.9615884152178971
13017221,0.4990966774441176
12025645,0.7621603762900055
13017915,1.0554015274179807
13004072,1.2984403205851904
11044584,0.6199797960408033
13032340,0.9539137695402039
13025323,1.2398692303541552
13016818,0.7138070687172273
12028193,1.1847280236586757
13032654,1.1365276253318544
12024672,0.8491694381773109
14005902,0.9296791368141463
11044655,0.8143705568077058
11027553,0.5009824589697295
13003010,0.6075891760502478
12008336,0.9927614849991081
13056091,0.8213743424423826
12020434,0.7386891791868129
12019731,1.0940616251368076
11052570,0.9839967384676225
12016427,0.7554694526200068
12024147,0.9928974233457188
11051509,1.1050616987428352
13044265,0.5852169941478869
11046197,0.7960446178281858
13025881,1.4437732168723614
12027518,0.9026406212435019
13057569,0.2123932840984915
12024728,1.1938038409736733
13056826,0.32814149504832507
13031982,1.220973399814255
12012249,0.720822124533321
13049555,1.2072822529011087
14012815,0.8145039208063551
13049796,0.39292379678928496
12021468,0.7589945589260286
12008878,0.9161697913789348
11014542,0.811437818975752
13048525,0.2034284746014664
11101139,1.1447708822337943
13040107,0.9741464456238443
11033345,0.7547723043069912
13020996,0.18258555031443569
13002716,0.4730782043336299
13043478,1.5308931823636165
11039536,0.16185778273220364
12004292,1.0417241910853041
11044897,1.0234445061806219
11044878,0.8384152929941651
13005316,0.3494437005724971
14017491,0.938640830656768
12015625,0.45023070014463407
11101335,0.39694237913840885
12015482,0.53367134683398
11045108,0.8006599516092325
13020261,0.3018054242450644
14039648,1.0634075411476842
14005779,0.93854067034962
11051521,1.21070555163963
11028276,1.177010739471073
13040848,1.3916983247673578
14006194,1.092253177850365
12023246,0.6757154437754702
11039124,0.6300029662639199
12028924,1.3039138695795776
12016665,0.37213180711516736
11045167,0.35375133755128135
13012219,0.7986046982209449
12025403,0.8989757597072034
13028136,0.6336311587535326
13035737,0.6167240680305159
12017430,0.973644930044289
13101448,0.8655359059052818
14016820,0.7393722597777161
11018918,0.4276563249305584
11046500,0.3968084530429402
11039108,0.3510548148434123
12032006,0.6755067624097519
12008243,0.742905448097015
12008309,0.9274970071911438
12012355,0.7148663944209934
13016879,0.8430125072054702
13004683,1.0412539561503444
13016171,0.9204178209675835
13004889,1.0734145009409126
13023777,0.7311480590269142
13035195,0.48727947748694683
14013661,0.6530990022044652
11014676,0.9044052040196511
13004316,0.7598120178804557
12008155,0.8198607067662489
13028068,0.6271350244746985
13058479,0.7434227340342328
11051461,0.33282952401776966
12023871,1.0236556844443931
13011101,1.3073913851557193
14013325,0.8451904355031079
11041170,0.32557400519012414
13027839,0.43119696966851223
14016702,0.6755067624097519
12020004,0.5223143276523602
14012738,0.9434687303403676
13042259,0.7230951800452459
13004260,0.9203504670221195
12016962,0.4055263773464677
14006543,0.9662507848126153
12019671,0.7329321756278231
11013287,0.8679567763875354
13027348,0.7439630835695975
11052779,1.0937444529998854
12029480,0.5842066012056547
11047606,0.5257752890652824
13017068,1.100954257252017
12016325,0.7163282213499643
12020169,1.2380255222863576
12100548,0.7692125174536583
12013181,0.9678210189992215
12019883,0.454676848768812
13028434,0.5831400928285009
13011737,0.7686056935442498
12008988,0.9672184804200176
13033932,0.5398256134717448
12023772,0.7823533393982885
11038552,0.5347375557177274
11019182,0.49296077343564737
13049214,1.497188496055602
11015320,0.8126108700762296
13003564,0.7554993762899234
13025483,0.3586929122490503
14018860,1.1998341567641486
12003757,0.8940843582927093
11038492,0.8539719363182054
13035199,0.7562412731821205
13010400,1.0286056943661268
11027446,0.6376502964602717
12020710,0.8248079748802715
13018665,1.079643766267343
13048455,0.28991041794750905
12015816,0.9254763638257534
12004370,0.5757806324882604
12019868,1.4935147401732767
14019049,1.1375938931923093
13049286,0.6755067624097519
14022939,0.3491749191117092
14017044,0.9178592236995575
11044557,1.3082149807986094
13017836,0.3767142272352716
14017913,0.6911607044342635
12025170,0.9606631123466824
12013224,0.8849452150001441
11002256,0.29057732275635983
12028190,0.42293677296257665
13018045,0.22793118422106587
11033330,0.8059632771468699
11032253,0.6543033364928279
13003319,0.9233385319459013
13026169,1.4135937629454134
13025387,0.9289490111064354
12003862,0.5484103674739962
13035978,0.7298175829426347
12012146,0.3040062303274281
13024482,0.7174414767877467
12016984,1.533422189313213
11038319,0.7943623236617295
12027794,0.6184266162737833
14016629,1.0532874113144222
13101154,1.416148346499095
11019461,0.9533749858076752
13003852,0.7515966396352576
11046694,0.626143383935418
12013180,0.5624620564541487
11002247,0.4026570153479314
12007831,1.004823031301227
13048411,0.48561853225181223
13009896,1.1933861140078093
13032450,1.2080891614448068
13004302,0.3731278007002256
11046772,0.8703687951250114
12009674,0.27758675506462427
11052009,0.4576349450993644
11026433,0.6639098474246148
14006209,0.7626384805173073
12017276,0.7357001428644258
11025275,0.5438100114684717
13012221,0.36159256917283
13003214,0.735703879705327
12024053,0.7235945691328641
13012391,0.9985972151689664
13035231,0.7520120201101244
13056668,0.22457662799756173
12007565,0.24497536263335576
12021352,1.182926490318032
12023698,0.7104560694254054
14017213,1.167175194847633
11046438,0.8501605384953586
11026991,0.5936368147127657
11040123,1.1487352249823495
12020315,0.40141911911905176
12028114,0.3600660340810563
13035147,0.4756285737910385
11052027,0.14461642067083316
12011573,0.8997957952289846
14028512,0.9963389739461507
14012020,1.2291979644700475
12016720,0.33677901459920073
11047439,0.3605062694328967
13016659,0.6755067624097519
11007277,1.092842947988441
13004688,0.4751740097940931
13033029,1.1273759229923792
11037958,0.8305556462601047
14029315,0.8252382178436948
11046498,0.8125425922033408
13048540,0.608992729128648
14038842,0.8785787317950636
11044199,1.3367080575406458
12028980,0.612742415331148
14028762,0.4946225702334923
11045441,0.8057376827937299
11052943,0.9536068527406318
13010510,0.8137483922604634
11047464,1.203370944543279
14017696,0.6755067624097519
13011603,0.2638435591133973
13018886,1.0352428796175965
12019660,0.4436378082817878
12016505,0.7540806191153597
13056832,0.1886017277936109
12021078,1.1651087355028729
11021804,1.1648904910532296
12019194,0.49661660541703473
13035073,1.089812606748371
13010836,0.804066055587187
13017846,1.2818725988541932
11027370,0.8518185247157469
12019600,0.6406664102061399
11038945,0.7739137358998603
13049828,0.3782769176359765
11014868,0.8327601927558937
12019943,0.5638595950759561
12011415,0.24712194185676825
14012779,0.43586432864663266
14012340,0.26723776442926017
12011427,0.9130176840727626
12017269,0.7478344851410346
11020047,0.6755067624097519
13023984,0.5209403604739473
13026378,0.912981584615514
14016592,0.3951702818203005
12008761,0.803713763835835
13005014,1.2981530950649203
13009961,0.12572804207742025
13012272,0.3133348434227849
14022816,1.222166260832166
14016791,0.29265241336548364
14012905,0.6755067624097519
11002281,0.63292032188737
13028041,1.16749114407907
13049068,1.240091614514506
13101675,0.6755067624097519
12028618,0.7586103158338828
12015800,1.2305996298954385
11026207,1.1670343508599264
14013253,0.5719663058382889
12004505,1.2252691725876164
13100704,0.8688464054418272
14023328,0.7088887797109016
13005464,1.2629579972745715
12013467,0.31375525740146454
11025306,0.2303956244328375
11014809,0.49733774684973125
12004781,1.542921676597145
12028593,0.8259944392519779
14022460,0.23771654952911703
12015620,0.729278715103717
11013065,0.6492570717026033
12001180,0.6755067624097519
13059404,1.2136990798232543
12012441,0.2967972636825576
14039366,0.3642802318362303
13004318,1.514034864075641
12015942,0.8304905350665087
12004706,1.2292955352449564
13019114,1.0914728348109877
13049728,0.7161672158954182
11101416,1.2931364552821283
12011506,0.5229120634580824
12025133,0.7169067958884683
13025446,1.2392963405309187
12017303,0.9750059475998218
13032684,1.2162405185922491
13057544,0.9871491169278744
14013260,1.2087965728694277
12012019,0.2325013979722539
11038518,1.0245069733529846
14008397,0.7775226250747748
13017002,0.7644270090893054
11101425,0.4673141337492265
13012830,0.6150068005996965
13034454,0.9417769814674921
13026030,0.5615939807687599
13010928,0.33574506605573073
14013086,0.3935291001547173
12009233,0.8532495730309271
13032390,0.3704186443198165
13055472,0.7144020992001603
11025784,0.5365520651559551
13040527,0.46678199682814636
14101234,1.0255285624152497
12017060,0.5246541018190506
12011817,0.1237544252021246
12016986,0.8631198822219187
11037854,0.2705616094536633
11027740,0.6013032637298457
13019736,0.5748552299066652
13036053,0.93854067034962
14017081,0.6756399517194538
12016667,0.875185116654798
13018004,0.7441435180101231
12024255,0.49471920162659333
11044281,1.5176506714683875
13041499,0.5586431615045814
12028389,0.6267488848328681
13028116,0.5346767524312617
13063186,0.1355337728626667
12027978,0.61013860595394
11033744,1.0593793479192954
12019181,0.8114059503403874
13016893,0.9535890780111592
11039428,0.4886516051568757
14028673,1.2051306597045754
11033836,0.5094139311988898
12007162,0.812063906267327
13004538,1.258608869108862
11052399,0.949468718517894
12028439,0.8234687897958319
11045847,0.19447565678502915
13041296,1.4001594076572803
12004410,0.47429072250036786
13003309,0.7091124176526833
12004138,0.7918147609995559
13004232,1.1169123764859057
13034869,0.7029683469961343
14018972,0.593530391912387
13003265,0.6160251766664567
12028507,0.6746207362333922
13051868,0.21808435135135656
13040149,0.375098071745504
11020349,1.049650201776445
14022302,0.93854067034962
11020226,0.8747386192537816
13034773,1.0906519594367083
13003421,1.1194560230927493
12012116,1.1540318775446126
12027371,1.1118049987178864
14028115,0.47961495839302754
12027504,1.233565892139962
11007824,1.2162680923003997
13009969,1.0257787282229358
13017390,0.4413910964707412
13004649,1.3957758087616965
13051253,0.4429774021006515
12020388,0.6743582415842486
12012807,0.8568976194571344
12023629,1.2211915584949202
12011861,0.7598731743089815
13017931,0.27877489170630654
11047030,0.2530951913672574
12007439,0.5099394634709427
13011654,0.623799263866631
13042851,0.9517917277620166
12012390,1.0091039658788883
11100937,0.3825298790772728
12004787,0.28230406263442864
13025787,0.9709299579086973
13004659,0.7960874499480043
13034041,0.9212427716098747
13016570,1.0248757266329647
11051650,0.2960469232712422
11013758,1.161687131824284
13040208,0.6755067624097519
11047076,0.461949996709771
12100200,1.2650508346483365
14022925,0.37908402248375095
13010941,1.2490052238880522
11046747,0.39858396291100895
14012600,1.0081496647337818
13019907,0.6753412277819629
13033821,0.5434542489348031
13010291,0.6948442258142089
13036186,0.6684919232362543
12019361,0.45360775956109844
13032792,0.3533766482160456
13009715,0.7231682603367335
14018472,0.6755067624097519
14018168,0.6755067624097519
12012159,0.46150804835672743
14028287,0.8170788208260631
12024380,0.7826007496810949
12025584,0.6992208332712753
12007972,0.9229044903658579
14039131,1.0733579121733816
13043666,0.762478113957789
11045099,0.3392261106800088
12024773,0.24550989856814032
13020600,0.17371600542657867
13063674,0.8759588133012615
12008898,0.9053290119089892
14022408,0.6255490539050965
13031558,0.455510799118043
14034462,0.17989158246176506
14023137,1.2709443408023586
11038482,0.8239754210440497
13020615,0.5449525081423079
13064855,0.2931184325257936
12028324,0.5271430987291676
11025407,0.7294775554667621
14006539,0.2795777605935328
14018805,0.6285118816604284
12008597,0.9176347910166648
12011729,0.8327512596225556
12020116,0.3337597554090941
13051113,0.9010253612668271
12004792,0.3290923906254904
13041768,0.847553332175381
14010726,0.3832784279728497
13033964,0.5612871281693848
13002732,0.8894032253767995
13035234,1.202204173905122
13025280,0.6045389570983932
11052685,0.3870706705046646
11045988,0.5901630721858091
12007856,0.4245912833103519
11100610,1.0861097355450076
11052331,1.1571728491859312
13024718,0.4144277304602937
13021229,0.77628694325774
11045681,0.8026124861694041
13058812,1.1374225295052498
11052012,0.34863455774326335
11047600,0.47087633950793917
12029432,1.352662051911485
13064340,0.6275468389830005
13004913,0.7229665680609314
14023510,0.5762475694102158
14017531,0.6142065689787777
12023689,1.2648930902961795
11041001,1.1752514194170214
13012411,1.3124455325268807
13033662,0.7120984011173448
11046415,0.543060186454958
13010240,0.6157475595480144
12025476,1.5705408216250305
12029209,0.3314443056255632
13048606,0.4656532189355446
13040870,0.2386961990334659
13017965,1.2617259177310314
14022864,0.9344848776618543
13051825,0.27292027972349375
11052494,0.6744043597008533
14017817,0.37366564859525586
12013082,0.19422598688449141
14024658,1.156063865740766
13040903,0.6794083726325597
12019697,0.26058646655138523
14023783,0.9343053275033882
11032026,1.118519122317169
12027910,0.7839611986720902
13004189,0.45877339883472046
13027498,0.5766245621619581
12101297,0.9866192627581916
11037515,0.8457337118281265
14024599,0.8248966873775949
14033814,0.16963760799321906
14022393,0.16662740412568325
14028929,0.8840416761307006
13041561,0.357138969275811
14034263,0.8041515712109307
13024721,0.9687833525639583
13050576,0.7804003574039486
11014257,0.902867760828887
13026132,1.155305191240976
12024815,0.2192415931275461
12028086,0.1949118686115121
12025023,1.0091805628517698
11100983,0.7429735191221358
12025510,1.1967196635028647
12003455,1.0351785082616172
13051052,0.28526608683812993
11052023,0.20518186620075315
14100565,1.3979079631557707
14008656,0.5228322740154545
12024834,0.971285142300064
12012821,0.3324973407087115
13018524,0.8579319182113437
13026110,0.6276659380792016
12020663,0.5035708973905733
11020203,0.5345076874862608
12020767,0.39922795557483226
14016944,0.9371446377664459
12005363,0.6767366035765885
14013191,1.102791702002177
12015914,1.086576949340781
13041175,0.4635619072253238
11052420,0.5841059459418375
14012742,0.36312929719353165
12005148,0.45575551467329384
13032138,1.2514885406159397
14006203,0.7641349820020114
13033959,1.0960771962767404
13017695,1.4830325071154982
11021726,1.2801586673707455
13009856,1.1803491516289384
12011342,1.0146539516503263
11101610,0.93854067034962
13101627,0.9096348477368154
11040838,0.7433404297743778
14016585,0.5205725299802969
12028791,0.7706946719780142
12027936,1.036011488114527
14022225,0.4490024668879449
12020354,0.7384350844032919
12023196,0.37791493059835307
14028430,0.8409564861288656
13101043,0.680611280577431
13055903,0.9261088146051434
11101259,0.8963929769950519
13034969,0.499776052654347
13026857,0.39856043056778756
13044235,0.3038831161369691
13010303,0.7370605029926828
13025915,0.755699975972818
13024676,0.4973464387032517
13017301,0.7215590623484358
13016602,0.4490125306575855
13049864,1.2018145275099401
13027932,0.6957032303770462
13035238,0.5893154442954828
13016972,0.7628079363905398
12009144,0.9745437512706785
13010860,1.4156444710498488
14034280,0.5299871560123799
11033862,0.6058365037688865
12019429,0.7832896685965159
11041126,1.005056899763624
11051594,0.9667942902940162
13026202,0.45960206305429113
11034319,1.0842457014439437
13063112,0.6646928624029232
12012501,0.24103182424899985
13033121,0.7637444205680095
11033297,0.6276883860114013
12008269,0.36147675836568427
11047003,0.6132660477203362
13049222,1.1227234297297235
13057760,0.7461436762755238
13003411,1.174176713072848
13063194,0.7842658137088263
13064274,1.238043884418809
12025187,1.0445208215730208
12015920,0.7547381679963411
14101252,0.93854067034962
11026350,0.6186723411862323
13012291,1.4294140817290908
13027528,0.37312416479119725
12009081,1.081462592017437
13027460,0.9827868900990796
12011836,0.9133084050954381
14039102,0.9226221693604522
12011990,1.1812856743554074
12007749,1.1011281905811776
12100748,1.4546741287783245
13042237,0.9781314717467832
13056057,0.8807716011694335
14100553,0.93854067034962
12011621,1.1323185366378021
11013743,1.1847458130967148
11020659,0.7959654258488668
13027938,1.1973765929357334
13041525,0.9963415284277034
13024811,0.20129370012967326
11025822,0.6121120214566809
11014367,1.2631321380222875
12015812,0.7356565780361797
12004350,0.4447819140276269
13043729,0.7622473043584448
11044373,0.48120394864229965
12007526,0.4399434799190759
11039469,0.6919242791508433
13017924,0.5726644245128598
12004646,0.45425261562381086
12011790,0.7178956324808781
12009052,1.2571669864631914
11045756,0.2875846782903349
11051300,0.6666867906814035
13010729,1.2025625548533783
12021463,0.16744974209455601
11021238,0.9148814399043712
12023891,0.25638056349090954
11013961,0.9615884152178971
14027011,0.647370761983169
12012361,1.3095917306096456
13024669,0.7218226019178979
13049862,0.6755067624097519
13050552,0.5458451890832756
12029414,0.361563561967045
11013649,0.8587524499104727
12019472,0.5689259052327714
12028754,0.9889369969274271
13017372,0.9526515248028712
13033678,1.0230694235737237
14017963,1.238428661167195
13011115,1.3790500290744248
11052334,0.6883749689978744
13003756,0.9716688836411118
13018063,1.2032240218527177
11044533,0.34310178039590633
11034292,0.8972058774372818
14011303,1.1652462519774924
14017795,0.6453568521712156
12025457,0.745271454813504
13026019,1.5563864428720477
11034356,0.7486881532208023
13036129,1.330003758674463
11025983,0.3908611011740053
13012356,0.5683102006477448
12029378,1.1531473793409768
13010675,1.4739547021100046
12032590,0.8757176149251483
13059462,0.3379032761504437
13101174,0.93854067034962
12019954,0.728369390166522
14023173,1.1188242847435828
13036619,0.24416750724023664
12015592,0.6746207362333922
14028619,0.9410582895784808
12016904,1.5089864501358137
11006731,1.086080766319969
13018296,0.3298421768879325
12028456,0.6297593216536859
12012106,1.3329769226668207
12019715,1.1922320683740328
13055233,0.28769362666478526
11026739,1.1224103855481344
12019921,0.6300762011050295
14034009,0.8846901264039095
12029343,0.3479241015667465
13050398,0.2591922111455065
13064865,0.8187990436204252
13033994,0.93854067034962
12016959,0.43076481783768683
13056198,0.48641476906866565
13018120,1.0995747234737232
12021093,0.29996171436666746
12016198,0.4549756325791846
11033069,0.6452042263407638
13025741,0.7667663041852262
14011061,1.1837342046907282
14026759,0.5699451898563299
13004590,1.0754634436885924
13011640,0.14105550876160736
11039092,0.6207225601465959
12019904,0.40721445569892134
13048612,1.3588686210422714
12028674,0.5168328194316101
13025131,0.7721953681739353
12005193,1.006291054282017
12005173,0.6837556168694211
11033892,0.7112653829849191
12008211,0.8330390611399103
13003337,0.6577341071134033
11002207,0.6425915041807886
13019162,0.8277243332190594
13026181,0.6195352007775834
13056911,0.2679275758684295
13019096,0.7630089240355492
14028970,0.6865894029804565
13026827,0.4489920212667009
12024929,0.37131145246790276
11013276,0.8936342394694069
11052702,0.4787924349812408
13048583,0.24880384665798327
12013218,0.303786582216118
11028591,0.39426317615173234
13100755,1.212871056449165
11041341,0.7804521726190168
12023651,0.9650177834437672
12025222,0.24402321320937811
14007569,1.0784724884897678
14011260,0.9833594431398216
11019388,0.17875689424851593
14012855,0.6874178214795632
11039736,1.0025340707943842
13028097,0.8326597079487934
13051152,0.6079866857659518
14033256,0.17262154374406363
13035573,0.6259512797311247
13063689,0.32815937763452874
12008997,0.5889436893109271
12007870,1.108541184289968
13055650,0.7517439268793152
13019185,0.768409140787705
13019636,0.6755067624097519
13050968,0.8128838164795473
12025188,0.2657383018245081
12005109,1.4200008972047828
13020317,1.2384907926143787
13028761,0.3369501290512507
14011245,1.0865688922447676
12007875,0.7586458172872937
13010649,1.3214467966529235
12008421,0.7098745151180117
12013147,0.2601054689559405
12005182,0.3695064492217279
13020560,0.711033267967952
11018967,0.8455183591575538
11045057,0.8280589134514793
12100146,0.6746207362333922
13026079,0.9434227636107301
11047628,0.36967708940303806
14017548,0.5703016519368662
12015873,0.8183854428828723
13034352,0.93854067034962
13005085,0.7940633965112072
12029426,1.5444367906055088
13010528,0.6121025492851562
14011648,1.170193890850847
13024686,0.5998635195634621
11037681,0.43971822719543247
11038469,0.29933340325011304
11032659,0.9299000410440406
14006813,0.8477820556763388
11044437,0.3189492306294273
12024170,1.070632135845004
11033314,0.8352150573402732
13024907,0.8734099564788447
13027336,1.5403468229855903
12016780,0.6196837030912918
11050863,0.29108364803247144
13020753,0.8300056916639853
12019834,0.5966046119967139
13049313,0.9190818091666423
11033576,1.0039305976233435
12004492,0.5750506829287272
12028148,1.1301162191545726
13011176,0.35169821645207966
13013054,0.3944095181421462
11014326,0.29511017650676435
13043047,0.5025109268419325
14022902,0.4142570677577319
11046489,0.3978535255592172
13036560,0.6806537897468208
13056012,0.6024272956844399
11013760,0.3473043033325983
11033416,0.7501489878535479
13033481,0.2884417715815656
12019218,1.253232970400754
14018540,0.9121678073695925
12012413,1.4203226490006293
13101734,0.7878030279820951
13035017,0.2604807881471397
13043084,0.6123024273689299
12009154,0.8401813565875617
13018506,0.33656498232055987
12027802,0.7901656255785833
11013857,0.2883556063367435
12025227,0.5249996030725722
11025265,1.2470697612802648
11045499,0.9640343824233508
13017967,0.5913830599326415
12003338,0.539254800410609
12027781,0.8301798462195557
13020467,0.9687512066902785
11045855,0.3346442703308433
12004175,0.46580767088581276
13032796,0.3635289766016467
11044018,0.5313267454003363
14012194,1.0562774664599928
13041160,0.23963549231201503
14028550,0.9949511782499647
12011523,0.21044507275810656
14011839,0.27273960805126407
13058752,0.6768105068337924
14005538,1.0394289696438117
14012279,0.6695188988242813
13004702,0.4455274516892331
12031934,1.1256081785035095
12004493,0.6058844141730533
13003192,0.8773877976840292
12100752,0.3413848585599943
12007608,1.3663340442612217
13002959,1.02941395654229
12013511,0.7211188338724066
13043612,0.1949266820460155
13042810,0.7628079363905398
11045160,1.5463827148681322
13020526,0.5750940376283957
13025237,0.6826977982713631
13035149,0.5677167829609506
13034663,0.7580176354784447
11020881,1.1130018311243117
12016971,1.0003518072907567
12019333,1.0508411212229136
13042162,1.0259936886604504
13048474,0.23251124218029318
13042896,0.2335163649712828
11047021,0.6903527261845063
13018634,0.43449104573935815
14017622,0.6755067624097519
13057432,0.4263765757582323
12020465,0.9443649231829572
12009012,1.028152893406004
13003326,0.7976279193216852
12004223,0.4503494476876996
13005172,0.7522489822765114
12100760,0.7098745151180117
13050890,0.8473815776618819
11021207,0.7436795225849924
11044361,0.8637648365340224
12023872,1.3731715592187064
14007500,0.7317646307733154
13063198,0.4889823536026281
12029487,0.9622094511749445
11047304,1.063151280182229
13027450,0.6654148048978132
13048452,0.6723423517171652
12011693,0.4053956820596597
13012088,1.2607961423262497
14013812,1.008854587330905
13019308,1.3325656197215765
14017744,0.7693778032073252
14012727,0.5860908174672854
12015526,0.24244786529779333
14034187,0.540334694052084
12009521,0.2561596706292327
12029296,0.26756360871733553
14027302,0.6454066629047118
13063470,0.6991494252952866
11050704,0.9709533003277214
12011719,0.4174879359925254
11044595,1.0237205454819307
12024126,0.2309261748271644
13032311,0.37516846470474263
11026334,0.909703216418021
13051240,0.9784119410109374
11034097,0.7843272780294775
12016700,0.7606781854925376
12027987,1.003775363012924
13100781,0.6771503721893437
12021391,0.8763860380101016
11015363,0.34272147080687604
14013220,0.9312748806903098
13017902,0.9742783550759567
14034700,1.1853249031303
14005667,0.8904280051855098
12019899,0.8664768011103421
14011885,0.6755067624097519
13018695,0.46549687517710175
11034278,0.9250725497832437
13005322,0.9822155715652887
12016793,0.2377120168146863
12027847,1.2002636770772992
13035069,0.9076907163458213
12009034,0.5860417979768603
13063183,1.287374524578528
11046372,1.2011990990742505
13018604,0.5470566842438563
13043987,1.1674236969668166
14028069,0.7166953348049405
12015167,0.3474228901282149
13009925,0.35298461451960356
14012347,1.3144119894841246
12019393,1.178541575381244
11021269,0.5922726271254826
13033225,0.7418473997503842
14018019,0.721287783447379
13012579,0.7769885117532667
11038649,0.2774684098463085
12009454,0.6059939751138914
14028760,0.39055167013051184
13004282,0.9904573775349961
14027104,0.5506466137463643
12029116,0.8617235797313737
13032924,1.0143116023479906
14022359,1.2004214718871165
12012154,0.7995898124029277
11038434,0.6623537907538706
12024806,0.7303284407930369
13049169,0.43492584500559445
12008332,0.48047224521858045
12025616,0.2123776871527558
13025511,0.4749689376864161
14100835,0.9164058191110145
12016603,0.603707305551237
12019521,1.0029279571256837
11051057,0.9430758156399132
13026668,0.7179917430252283
11101134,0.44299718820899636
12016370,0.9694197511767426
13048604,0.8933157557557982
13003741,0.6148002269254176
13056261,0.8495750616646214
14013554,0.9856298881918959
11044614,0.2558528784543393
11051260,0.5615099396424756
12007255,1.225185034366883
13057822,0.37239992541990485
11039587,0.6354208621632643
12004674,0.35872125029315616
13051799,0.28455671707653174
13011127,0.5087371417807639
14039585,0.6947652859328726
14016503,0.9675864775804985
12009251,0.6024712891521216
13012958,0.3467769503446599
12025264,0.29289625857631374
12005138,0.30606704476048463
13010357,1.1946582348453436
13035561,0.5896507273173284
13033432,1.2514260035317606
11052229,0.6540020219711348
12015574,1.1205909279557906
11039129,0.4563837115135537
14023432,0.6040289486578576
14006259,0.2961086967555494
13036660,0.28635746748057794
13032160,0.27773329979035366
13016880,0.687578120561058
13043052,0.16709393798662858
12008317,1.2353579585863481
13049323,0.7151826362254974
14022969,0.7725159272863652
12012627,1.2369454670202669
12008473,0.2820743877327681
13003378,0.3569020955923849
12025210,0.3801204499512063
12028047,0.7837570500707126
11045739,0.9270974729667919
14033292,0.48660057903428927
11039913,0.8754397321641825
14011294,1.3410825667430937
11051266,1.0902685090630242
13025169,0.7466437792972214
12023761,1.1543978746744854
13048597,0.4515568714320791
12021105,0.17082921346254434
13059427,0.6314708726556855
13063830,0.7515746103074444
12028932,0.5171835815612635
14101487,0.8745038527774347
13051213,0.7497381146917926
13049601,0.8390444761517515
11044750,0.6755067624097519
12004146,0.11081172280240434
12019702,0.4784771621201418
12015628,1.3019140258584128
12009486,0.9077710807940041
13056184,1.0419685487717212
12028049,0.8305556462601047
12018979,0.5981714461919573
13003693,0.9915494892221043
13027503,0.6785330357342254
13026503,0.9311820736695549
12017745,0.6392837336767334
13051026,0.49208654243714556
12029040,0.3323831202350628
13020136,1.1821836940437922
11013363,0.5313148698230485
12015904,0.27639697874064034
13019524,0.93854067034962
13042590,0.3463781770299842
14018415,0.5793545971193914
13100090,1.0320784737042425
11020839,0.6738111921780952
14100978,0.8024272788909378
11019205,0.619434723779767
13026743,0.7478671449804943
14018495,0.6661426704479656
12007950,0.17868764248844193
12003429,0.44145120302518903
12008201,1.1872156059502725
12013186,0.6092553267423901
11032130,0.4457778855136219
12028360,0.48488544722721255
13050326,0.9288142626726305
13018667,0.37654441128871885
12024005,0.1914779941157861
12004044,0.8894824656616681
13032498,0.34263316706725716
13012334,1.3665791568724346
14029473,0.6556366254119211
12003625,0.2833687381328642
13009812,0.569674160909921
12016356,1.0539948251279778
12016649,0.5673247105371741
11031315,0.967233077030188
12003865,0.8601366514996627
11040219,0.11221605606792459
13010430,1.3782520222254337
13035263,0.5122763022510364
12005168,0.5113385621623594
11045656,0.5323146069707926
13024800,0.5044024812627903
13100525,0.2296321667203131
13012406,0.5141736831979911
13048099,1.1631325738493385
13048478,0.3731795160968675
12032736,1.5138737742444013
13057287,0.8767076751760249
13025744,0.6171915993989394
12019633,0.2928827444250399
13027508,0.8913450668696188
14017427,1.1796878821139722
12023713,0.41287205808217126
12023743,0.4651876609556579
11014896,0.24546292673682193
13028050,0.38167569108786975
11031393,1.4033672966781519
13005457,0.8478655041859958
11013856,0.49955058430813243
12005521,0.7927398681434423
11045689,0.8606358543931667
13040909,0.8095306476287796
13018286,0.8214181892446369
14021336,1.1666027237475372
13026843,0.14409179754735396
11014416,0.4596977266065523
13027798,0.7831369702925302
13019314,0.3810301997518154
13017428,0.6755067624097519
12003392,0.6470882890451263
12008720,0.9591371922566099
14027650,0.354992904464729
12011486,0.848965018821179
14028548,0.2580602363403931
12027666,0.6744013085293594
12011368,0.7873993800108672
13002718,0.7376484922347475
14033854,0.7530453192031944
12004449,0.5156932533024715
11027563,0.3792830860918103
14022921,0.7081076678741551
11007771,1.135822309426085
14039127,0.1845910137207752
12011889,0.8189913251622409
13050923,0.38148205882468694
14007522,0.5592261966080313
12015802,0.9960439995286857
12017319,1.3415609222115559
14100518,0.3601648804661593
13025142,0.8530017058281184
14028553,0.5533204184779096
13057791,0.620194092355473
14028802,0.8885852812559892
11026914,0.8862052911379283
13027941,0.45284873332822034
12004835,0.8765696831950556
13003715,0.26048203764713584
12015970,0.7570390418042537
14100816,0.44517369413218744
11100748,0.4985960406692403
13040205,0.696257913490077
11008366,0.2837096353735802
13101415,0.5011400459259161
13011214,1.4124323883989394
13020455,0.7443019199195784
12015563,1.2370501332017187
14017405,0.9289737221644281
14016611,1.205967071212246
12021377,0.6631468619686656
13012371,0.1810356133425979
12025662,0.7517014735693855
13017342,0.7572240654132122
13017380,0.34920956282815374
13042327,0.3665254608314531
12029071,0.8305556462601047
13028523,0.8014289235579247
12003554,0.7669795612900882
13048633,0.525780524369569
12024870,0.9701595353138017
13020564,0.5251342177939057
11032767,0.8701055144049068
11051187,0.21041271377581594
12100149,0.9744148752922848
14022960,0.9768807943624745
12008582,0.958014972176798
12008750,0.9647174162644055
11033364,0.7454770665977903
12007641,0.2832057295473571
14008472,0.38917219441510803
12007808,0.48765457495086556
12003831,1.0865229949716384
13042858,0.552819396584695
11034887,0.42648177513980184
13005442,0.2892994498189674
11025028,0.4568803952120211
13017182,0.9773892744321135
12007993,0.8061704960409708
13011368,1.250486994967476
14007172,0.7219483204925067
13011189,0.7086349567817356
13043704,1.327839387524518
12025569,0.7407239343110301
11044047,0.530277252686374
13056838,0.6562732521087115
13024751,0.753050044876071
13043761,0.6755067624097519
13043013,1.5813784911066366
14034832,1.2076199536759145
12025527,1.2796369710167053
12008831,0.952902345923892
11013888,0.4796142792174377
12024028,0.7516143515034193
12028295,0.8630831855267429
14006709,0.6404722442870289
11045899,0.5129930318008146
12024767,1.2556229568318165
14033155,0.854535593670447
12008186,1.392076765192525
12009054,0.978527992558337
13010080,0.45722176339637294
12015544,1.187321158505086
11019729,0.7550019537496249
12028576,0.21429650484212145
12024067,0.4447536847588368
12024796,1.3148463432634494
13035603,0.7375600741299981
12007668,0.9675696578598032
14002285,0.8710792952104617
11039101,1.0434146291927962
11046352,1.0043036721014333
11020504,0.8888167251491442
14006119,0.7774688364321204
14028083,0.541779877290751
12023715,1.2282648558161695
11044948,0.5640205246410575
12015165,0.38328533810195975
13035338,0.6755067624097519
12025041,0.826515986442346
13048886,0.7911592726087857
13041522,0.5704524250374753
13005500,1.0148408224395689
12023991,0.7247914059614232
13057527,0.23564854349288514
13011658,0.7589391697759758
13049069,0.8144390435316298
13056799,0.7503007007109883
13033800,0.7682783181640419
11028507,1.1806204996946272
12029132,0.3750142927345953
11100749,0.9273992004075801
11033255,0.5330891082493293
13049125,1.4591963386207063
13034500,1.0921690536822783
12012781,1.4246300354646257
13009932,1.0767329900259606
14017504,0.6393460538130675
11046121,0.4513529469400438
12013038,0.7062373626314211
11101121,0.4059812076482852
14024096,0.576560314918868
12004408,1.0187993491308212
12004799,0.9882288621325209
12027647,0.36786071286452426
13011457,0.7595819624883673
14033858,0.5849304082309232
11046262,1.5245362627383616
12013073,0.6538614198783586
13026422,1.1546768342680145
12028026,0.33910764960298917
12020272,0.7518069800819585
13003976,0.8041338598028448
13005406,1.176471380970182
13010278,0.4792475282645073
13058811,1.1958714762081546
11026281,1.0774543142198147
11045563,1.215912447958813
11040848,0.479946519814903
12016025,0.7562925023907037
13017410,0.6755067624097519
11046809,0.86272722161649
12004788,0.8192750977167131
12019651,0.3240985578634348
13032949,1.3771884070279847
13101219,1.2151857682821912
13032465,0.20697996535386304
11019640,1.213650368737284
11047201,0.6711048599652876
11052071,0.8536907331287286
14027032,0.6626066397542925
13003834,1.0679111034788318
13057459,1.0637019209768752
13058604,0.4135729517290564
12013343,0.3687552176869543
13034442,0.3725231419503018
13039548,0.6755067624097519
12008681,0.8550050248476893
12023285,0.2277194937482474
11039169,0.7570351134754516
13003694,0.6656129753169441
12017015,0.482226750944888
12029074,0.7510168539301523
13010843,1.5540528164396927
12024452,0.327318883523358
13056557,0.9780477186484654
11021760,1.3054257953751922
14018422,0.7034090321612161
13048384,0.5534738707895979
12029337,0.41828887728808156
12100258,1.0519193570683423
14039598,0.13359330413107756
11051343,0.5431751856395408
13010706,0.35342958948762176
13003396,1.164179228512849
11014591,0.8925656615554419
14021305,0.5454144674837853
14013852,0.4856845455060469
12028878,1.2149095518636042
12100577,0.5191896988340358
12004490,0.6676763919771311
14033766,0.5814002840421483
11021785,0.663535995033103
12027497,0.4943806192513784
14034319,0.8549855711731922
14021965,1.0132280171079389
11051470,0.5213308748011635
12028804,0.4272291401120793
11050680,0.578931022623613
13032443,1.4193080828257902
13063573,0.93854067034962
13027902,0.5852516530966938
12025485,0.8919813544917694
14034672,1.1891912398274704
13034862,0.3946388342473463
13026106,1.2001540588275987
11047490,1.2310491730751423
13034874,0.5579407558929224
14006205,0.6250571174025532
11027903,0.34829301287846043
13040220,0.7318257766097316
14101260,1.084472493129788
11002292,0.2700505173934426
12008334,0.35739876421131955
12008478,0.32131240709036357
13025968,1.069656267293155
12017051,0.4280671844726651
13017917,0.7331851288003364
13010327,1.0448649676671729
13011230,0.7823533393982885
13056893,0.8402567886796402
13024494,0.7599130833774016
12012204,1.1841056012548759
13035556,0.41947355111709195
13050594,0.2832179421439691
11019471,1.1699061756310463
13011062,0.29696358811707463
13018173,1.0166714893663031
13018039,0.2917386832590117
13010081,1.11561464847759
13013013,0.2937829771817569
11041329,0.7523586254525578
11033313,0.5222381589353964
14027496,0.3517934391578343
13004311,1.2173215917746076
13059191,0.93854067034962
14033927,1.141132989984805
13033928,0.49872947124408484
11025277,0.7342140413424911
13050232,1.1786916812932717
11026948,1.0463333525065142
12015130,0.5809757144143122
13018683,0.9670261278007787
12012378,1.0055806215824066
13011617,0.49391528450346256
13059469,0.9008927315815156
13060056,0.5127409044054833
13028625,1.079336747644972
11045261,1.0905654756175895
11040069,0.8427583793573269
12012131,0.8571121252661646
12020219,1.0859673895832787
14023501,1.141376623570522
13051784,1.1938965920919096
13004914,0.9433826745592441
13026566,0.6755067624097519
13018929,0.8425305512072883
13048465,1.3973051559590823
13011971,0.1712262827105589
14023285,0.9512449943157752
13025912,0.9757838837663257
13028742,0.23924285331618372
12027236,1.220435790408182
11033356,0.9472160316670009
13017930,0.5368823838157263
13009636,1.0426591243855172
14006647,0.7716377401353186
13026804,1.156659547631986
11026310,1.2229414020246703
13040230,0.3307956407657617
11039891,0.45770307235509444
14012356,0.7055014665428474
14008386,1.1495068789195426
11041312,1.127348114449134
11038521,0.8882172507899749
14028527,0.22139166233687826
11050805,0.3668242934482501
11020165,1.0644106848905013
11039661,1.1095308360641265
14006252,1.1413104597853387
11038453,0.7991021493875052
13033904,1.0111346908473224
14012326,0.41796124850985394
12020447,1.0179200145910245
12007525,1.1060764291615763
11028073,0.44687003325193975
11037782,0.8535436974376027
12028981,1.3720762733394876
12003678,0.9822874776774925
14034669,0.9232695489834988
12019436,1.2106264702733296
12024045,0.2429193009487307
13049088,0.7794478443577708
13048616,0.4101822127537413
13010508,1.207775499872825
13042375,0.6755067624097519
13025514,0.5788270747470452
14017048,0.6228403721017505
13043703,0.3636527865675194
12009177,1.2962691218575626
12007371,0.3802470973204439
11013358,0.3236247353548438
13049851,0.2327451120529903
13042987,1.110050812828004
13010544,0.5550000768697824
13005173,0.9072537172608544
12020298,0.710859083327485
12024591,0.7340657932044308
11045095,1.2577032890164426
13024725,0.9129544615156586
11027778,0.6504018724034251
12011728,0.703752889002589
12029102,1.1460203844874577
14028567,0.2710452201486821
11044481,0.7372169176912271
13064767,0.3975678672759137
11032059,0.455795519097868
11027714,1.2511200122421196
11027502,0.9255950249169937
11050732,0.8324713526385666
13012329,1.1698745503574433
11052669,0.5897491151941207
12024716,0.8421734145973436
12008658,0.2600046010440704
12016361,0.29271259441730846
13019945,0.15885825005069126
12027557,0.4446059090963288
12029092,1.0607295663372576
12003562,0.6650935380320907
12024047,0.26142625561393784
14028947,0.5641333611021231
12008225,0.9657834030303641
13034651,0.7400061870068524
13025884,0.31746438255447346
12024478,0.4560658693492919
13101699,0.7738579671682411
11025564,1.20430277069031
13064175,0.5740381806796183
12008805,1.4748998628945378
14022907,0.8762076079523821
12011419,0.7273498225050318
12021440,0.7122783290147683
12020145,1.2265918069070905
14012787,0.9405607877155097
14016825,0.7998059543894019
12101380,0.635470684121766
13034584,1.5701121221603598
13041642,0.3232013625889996
13041518,0.556788207448441
12100393,0.6470679189698333
13043019,1.1467928972587234
13040569,1.3065635739084736
13035085,0.5679166993004513
13043588,0.8091460092014147
12029291,0.43405055114517166
14019226,0.6666931320181333
13032757,0.5708509530955908
13018688,1.000938136650368
13024597,1.231096960535525
13011771,0.9976974027926431
12024331,0.8531290163622018
12004402,0.5865978009657395
13039948,0.8746896924030463
13059324,0.9664789788378747
11032620,0.7951701372106057
13035739,0.5671693425063745
13032152,0.55578856687608
12029488,1.1518313222396575
13101038,0.7307843962106797
14023750,1.1626717886401345
13035806,0.9201283375829573
11033328,0.2987998008222412
11008344,1.056696843718432
12004485,0.7229403709477719
11033298,0.8928775703262548
13035444,0.6722598519841465
13040722,0.8332976910494585
12008126,0.8383461927652668
11046465,0.42869097977048354
14039986,0.4501096527555467
12028238,0.6884465933241091
12019264,0.5087524951024933
13012938,1.0669603365346456
13064756,0.6875258781272876
13017170,0.6653979655157523
13040052,0.8587330081821791
11051500,0.6865235945185462
12013349,0.6853589165804042
14029410,0.867600246087145
14018792,0.8539957195365011
14013482,1.048384879297986
11014303,0.41358190316735466
13050207,1.3591472869332246
12015664,0.35022515481990996
11019953,1.0245296559846415
13019152,0.28914875331458123
12024117,0.526775933118848
14029582,0.6755067624097519
14013626,1.113919940498776
12015428,0.7257847969471227
13034604,0.819765109786337
14012165,0.6755067624097519
14007463,0.48841810273920067
13058706,0.7625208306225946
13024828,1.368520894298518
11031629,0.9638974733003156
12017088,1.022560594185295
14023357,0.5502972446531956
14008025,0.5483018943630406
14012374,1.2201633840518564
11044564,0.8110048718764122
12015805,0.5443267414131802
11045090,1.0180999163244764
13035908,0.3627022924913139
11026422,0.668058969561627
11019433,0.6632034161366496
12020124,0.4297733085501881
13058046,0.4566218900587835
12004971,0.4818266716590547
14017886,0.9703529956752255
14006127,0.4228715166183092
12029089,0.4630348196539896
13049605,0.6884078560703262
13042527,1.1788547781908338
14006265,1.1666697074056325
13041681,0.36661848398905145
13047925,0.2887284583597414
14026917,0.49434598562244875
13043682,1.1696128942696422
13005313,0.6724894853367491
11013321,0.3662060105299047
13010287,1.2808585893173197
13041851,0.7482837345196849
12008945,0.5935460332574418
13003855,1.5527559697783238
13100951,0.38804562868615433
13020498,0.8172773506208798
13025209,1.2272492451239527
11052005,0.5588094321975969
14029347,0.7843770960406291
13024401,0.9431187235191054
11021103,0.8524890399183802
11046892,1.2387141531351684
14100863,0.9147484508493894
12004751,1.0385727233610327
12012466,1.166525057822408
13003387,1.3502676956965152
11050869,1.1461957613187856
13011686,0.5279375747532523
14044225,0.5839732618530358
13031888,0.8071883314742596
12015280,0.4400067791085373
12020613,1.3621667570871778
11041146,1.0811657243137283
11027650,0.8347075705615685
12013198,1.2192508182600479
13101225,0.7661247912802777
12017053,0.28334649204406276
12008772,0.9790403626805996
14011248,0.20814550741908738
11032438,0.6842289156388721
12011456,0.42947277776449344
11044455,0.965292555080591
12015320,0.9412557422261556
14039660,0.6755067624097519
13019387,0.6585860324817364
14018007,0.3491433066691563
11038194,1.01252947347319
12003802,1.3713469196682302
13012418,0.39254128331734095
12003853,0.28219281652159767
14011154,0.7793365657666411
11007359,0.7269944708545795
12012733,0.8239721335260991
13050503,0.9719381094305962
13032428,0.3613136960581922
12007823,0.9495687523178147
13048634,0.5933721631287363
12004260,0.8966038553950383
13012101,0.2974247482000806
13055858,0.9687147786294712
11031897,0.6791225536611873
12012670,0.3277773701396683
13020488,0.9724308221876226
13026858,0.32040192955948305
14028501,0.3586378553307107
11047674,0.6755067624097519
11015122,0.6018614330945902
12029048,1.1496267851951303
14028072,0.5476022945722183
13003841,0.6860872688460176
14034220,0.7112064544992802
12013460,0.6191727644064202
12024078,0.752818363897714
13041920,1.1084407199394808
13051882,0.5091223808524517
11032138,0.4289015627281789
13056013,0.9698245350938941
14018887,0.7618852144505992
12019008,0.33496030170526336
12027559,0.7851949738147316
13041650,0.3444180001166716
11034523,1.0696033715382538
13004055,0.3375785486639715
13025547,0.6755067624097519
11026441,0.5840992291001958
13043388,1.0441652343615981
12021276,1.0090367969907768
12028066,1.0451536465225713
11039137,0.7955407873462089
12024143,0.8305556462601047
13032906,0.47317993228402755
11026990,1.12394740883112
12004836,0.2427746278830363
13033098,1.4949338889888997
12020392,0.6141741924943839
13040799,1.1275241705158108
11034962,0.8775324935645875
13013059,0.7364715778420547
14010492,0.6755067624097519
14029030,0.319327518036279
13025534,0.22172921940071136
12004411,0.35217495642532054
14022445,0.5887781897409916
12024764,0.3185421493651165
14034225,0.9629367678163051
12012923,0.6755067624097519
12100966,1.03692748101465
12032040,0.3612526814962785
12020362,0.7696261535093755
13063226,1.0629486792416147
12003752,0.6140008832547719
13033893,0.5734769808084581
13058061,0.6255315275871906
11033646,0.6435929837349279
11051030,0.8415275227077086
13033045,0.21038789825869755
12023305,0.5140192767458762
14023711,0.946235697896194
11033370,0.4379170509776157
12012777,1.2931280715496072
13017465,0.6728339442725517
13043232,0.2688712708883128
12011452,0.36132255290172566
13002981,0.44475680250865285
11044469,0.44775812750241417
14028402,0.826601566995798
12011457,0.26889029771742434
11012871,0.9115521378619935
13028007,0.3507261493319613
12024374,1.436337699743453
12016057,0.2813919436965756
13025092,0.6755067624097519
13033759,1.1152801632059322
14007627,0.1903650524000983
11027522,0.41108890948696986
13056688,0.9546523712157814
14012781,1.2194520562398137
13012375,0.5611917523385065
13012776,0.9574413192430217
13025458,0.4086819761868082
14019290,1.326428749867771
13035861,0.4143406618330411
13048618,0.7628079363905398
11025662,0.3426688682831353
11013457,0.7502919996148313
13012651,1.015118698665069
13026107,0.3797877240898411
12029644,0.8949365863387955
13017979,0.8131858889150627
12028488,1.3390212559587478
13009061,1.0190486447703075
12012829,0.7098745151180117
12016409,0.5988336039622311
13042389,1.0667811387001134
14011822,0.7577040028282873
11053107,0.532814051334421
13010734,0.9801611235843127
14001833,0.6197075680628726
12008086,1.4413039517599613
14016602,0.7514569837006566
14017891,0.9740399087870979
12012260,0.6450978060404396
11052398,0.8245967449538456
11028068,0.4869704223842421
11051625,0.8144675079147488
12027738,0.5977304172875311
12025473,1.2867232080698412
11020704,0.45971305021913256
13043020,0.8767264479852634
13020084,0.7297167114990536
14028334,0.63234121972727
14011722,0.4852237769790474
12015987,1.4657644470196454
11045958,1.390179194437862
14006679,0.7983832679252023
11014287,0.2509082546363082
13055755,0.44444967082172504
13012399,1.1775756015666234
14022761,1.1774500615803938
11052119,0.9766461446380008
11032684,1.0481632322141339
12027842,0.4290327650763423
13049203,1.024984018184368
13036580,0.8875440813416785
14013810,1.095034167705021
13033710,1.1024460602428463
12025192,0.6931800603155422
11045080,1.2752449117201883
11007476,0.4019789856418164
13064669,0.7228153535974056
14017084,0.28121551829938357
12004206,1.2412449789676474
12012738,0.9993905874043781
13056821,0.5748397655239617
13042178,0.6990980779701316
13034457,1.1322557100148738
11041380,0.10826007598269193
12020630,1.4876176782180284
13049084,1.3383289657964956
12100169,0.4238655173782717
13012957,0.920666229050515
11028406,0.9207155344469308
12025640,1.160600131512292
12004045,0.654329208670289
12019545,0.6674323718621284
12024395,0.49314642476644643
14012846,0.26596298145793684
14101233,0.8941125017145688
12016850,1.2098772378175646
12029433,1.2294926257594636
13044170,0.5954839019774483
14100104,0.6411742195099268
13021021,0.8769583160553343
12100287,1.351493547880613
12029083,0.46023203172279836
11027139,0.7640588343555992
11040277,1.1075374694128304
11020030,1.095183807518422
11045728,0.9594294452504751
12029427,0.5725428749325627
13024649,0.7029004633262805
13026881,0.170544780169826
13043597,0.8959234199817073
11045058,0.8304978092832488
14022957,0.7347490286567057
13044317,0.6461123442991802
11034204,0.8777125789494558
13011049,0.6284720495193543
12009131,0.46461526096172884
13035184,0.7697216098081497
12004009,1.4046459320567732
12023440,0.7228902654544942
13049812,0.7075539608108231
12012986,0.29432546742965987
11025872,0.3393515956813124
14029285,0.6331261214135029
14012598,1.1702930105556713
12008249,0.7439118292740164
12032642,0.6087146362521401
12024179,0.6205364492374337
13018223,0.752122696881466
12020894,1.1486309851622454
13040460,0.5836739258095731
12100958,0.6108951802819798
12015564,0.788071599897266
13010521,0.6145483630199549
11027990,1.0692971829496578
13056168,0.9273707942684375
13010793,1.5566921048195999
13056871,1.0438139499264678
11022304,0.6422156996041039
13042387,0.323967411741756
11045198,0.8172886014644197
11019702,0.8032414714945157
13100733,0.6463348179031099
11040781,1.1978954536835709
12028020,0.744009817664002
11033905,0.9530427666859941
12101152,1.1590127383674775
11033441,0.4069946966102031
11039644,0.9176432920837798
13034801,0.6679764254933318
12015324,1.0211381477764339
12025623,0.6780307616687244
12012671,0.340615416712556
12023920,0.5243610091165445
13048434,1.105211901851172
12019602,1.295285209258072
12016250,1.1254153141291616
12020696,0.6705014813072113
13012909,1.065867210189268
12024021,1.1895479758116254
12020016,0.9773949181635858
12020624,0.6114706521548512
12024048,0.5277309687327345
11034631,1.0864073306801254
12020036,0.2743911202878261
11002024,0.7556765273601614
11038487,1.0047571498744448
14018346,0.48049337031859696
14002472,0.6755067624097519
13048590,0.22947975236599494
11032071,0.7992256111811165
13041515,1.1790086445233883
13041135,0.5399950338509756
13017951,0.638694703152605
13024262,0.4648484066813979
13043708,0.2734363126454964
13035321,0.21698852806918956
12020816,0.41870765914168684
11051629,0.4042737662111493
12019599,0.8228836588025041
13035912,0.41495459465141504
13032213,0.7415547988816981
12008048,0.8644439360572913
12016097,0.8644311552538637
11026911,1.1874828915570936
12005177,0.5735954034547841
13026706,0.7481669022627828
12012188,0.5817901172604907
13032066,0.4825314226063901
12004300,0.5245820645064245
13019205,0.6755067624097519
11040817,0.8186906466878355
12015860,0.3009229851526949
12012850,1.0813693192413287
12024467,1.3750367422359233
12009174,0.3544476524210357
13042983,0.9156755504939356
13063137,0.6404555150418995
14044226,1.1587033960616786
12015596,0.31048947173007824
14012709,1.0598266140192638
12015997,0.7187630125689844
13102038,0.5266011790876277
13024299,0.5736721414243157
11021170,0.7595559219351866
13017985,1.0896851385447184
11033076,0.7042893245982733
12011592,0.4502335669146021
13041625,1.1712212789499952
11013811,0.4764533833385981
13025454,1.2738914686951013
13018429,0.7911799753644257
12021141,0.48247725209668435
11033043,0.35396395724367546
12025229,1.020693852386249
13056887,0.48432491928253263
13051908,0.24357636663044968
14011264,0.6898476467944417
12019990,0.7277829161336771
13020436,0.32926646091946254
11033385,0.6738604766571723
12019153,0.26743731665029546
11051130,0.6990418868222112
13032478,0.2980535103863542
12004234,0.6986252169206164
12025642,0.2693918190383811
13010496,0.6225823414104019
13005086,0.7965010646603654
12020582,1.4088142686029292
13027763,1.2119294534099077
13059276,0.600483405798747
13017171,0.3545712268450189
12016162,0.776960030076684
11045588,0.8728660840632152
14033700,0.9767150478574769
11020150,0.6916336415099832
13013524,1.1825904798904174
11100411,0.763593945307316
13034913,1.2269822130083425
13058133,1.0774749978449987
12020744,0.41445352216683223
11034837,0.6799308417002244
13011656,0.7589053362772933
12009276,1.0957275123803807
13101985,0.7439833398974828
11035480,1.036302107002579
14011651,0.6137100615809332
14005635,0.7540708384456831
14100963,0.9223896257132661
11046771,0.7463251788548609
12019564,1.100397670417537
14008093,0.8148101324173915
13010546,0.5241051991958541
14023177,1.1740605259186678
11014781,1.1241805762033192
13010364,0.840962176387342
11020228,0.9219659089355823
12029076,0.3039188360410083
11013366,0.3111896706048797
12024644,0.9413584464733323
12027589,0.6746207362333922
13025944,0.6149365046093642
11051249,1.1890463641685498
12020029,0.7220887841744534
13004181,1.52242760055168
14001763,0.6731233945778761
14013114,0.44691519371730704
13048454,0.43740804551687335
13035937,0.3029967094360236
14028946,0.9980251116361544
11020243,0.13432748220173502
12012052,0.49083707603437066
13049406,1.1583791009773565
13035164,1.0332694827024724
14033260,0.5002657422259024
11014364,0.9039751630613087
13027197,0.9611961601169571
12023867,0.28140565074268825
13032226,1.353229573653624
12028101,0.7950001903288294
11051992,0.437322949196042
13064237,0.8567807819146138
13059411,0.18950063979862974
12028633,0.7196448591834066
12020350,0.6420310498988737
13005395,0.7399322034085986
14017869,1.0876168604223033
13018481,1.2111132632919237
13026059,0.6918132434300683
12028614,0.29608336174924416
13024327,1.0270671452061526
12019042,0.7358411625128172
12008424,0.7017867338054098
13026010,0.7157491298408662
11013914,0.7444325011338804
14010862,0.731472157767494
12016641,0.7514939094266844
14018592,0.7307456765392155
12005126,0.38210565674762076
12003738,0.962391662061263
13018389,1.2226146620488922
13051817,0.5821691338296343
12028854,0.7304070725795813
12027703,0.7998773949940415
11037889,0.6904212497861214
12025448,1.0555888914717715
13031606,0.8641888444811237
13033774,0.6552319761706916
13018487,0.357893995994068
12012669,1.1225550188559845
12008188,1.0285939511425544
13051194,0.2790990619236442
12005745,0.7295646333563222
12016165,1.1644632942373194
14012644,0.7296633331653957
14006356,1.1865840539297225
13011774,0.14923532964484135
12016774,0.2338163059555992
14011825,0.7710180198580832
12019219,0.9781581345844843
13042216,0.591714642770097
13040177,0.7752468165348189
11032745,0.6095833629301765
11101601,0.48668598112255684
11045881,0.745086642333609
11018399,0.39024229302226626
13033633,1.1446668711165962
14005568,1.3078853657215985
11008332,0.7680219976326368
11101402,0.7804825308457818
13028630,1.2765229528562807
12016783,0.7636206795201953
13019309,1.1407634073896893
13003665,0.28188589562024263
11026323,0.6175488613151683
12025611,0.2750990801307064
13004083,1.125225132727545
13028038,0.3555338107872197
13002680,1.2629039810095808
12028175,1.1473709352901262
12021406,1.2770671818965804
13012621,0.9254650185437715
13016047,1.3413379753833692
12012908,0.9388823551502893
12019050,0.7612249065089673
14018811,0.8414214233009508
12025237,0.6664640483423765
14007114,0.6755067624097519
14006161,0.6960707144726938
11101000,0.7334013321861244
14027646,0.19105914031110435
11024939,1.214293114949967
12016075,1.0819251951307438
13058749,0.22913077635416204
12016047,0.7092338488703327
11008362,0.32002241508357926
13019643,0.8565921704755075
13050376,1.200601572731246
14016729,0.8707127794380506
11021248,1.210778428850844
13011601,0.32384247146593914
13063195,0.8568534925337472
14011853,1.1058237841869287
14022866,1.106040632555108
14028942,0.8766254374727418
13018981,1.2592983763212895
13025203,0.23113770452704674
13016976,0.9467153824080997
11019338,0.8607749189100398
11021120,0.8496643107586072
13024969,1.3004449068922874
11051318,0.4324027582818334
12020842,0.3663067346030645
13047916,0.6289014421501259
13026172,0.598246125725677
13048456,1.2631093782777052
14039630,0.6301452899200769
13043329,0.7848336091017578
12009386,1.1294526083768892
13063872,0.9725688767368202
11053072,0.6033001176535009
13017983,0.5331662148820482
13012029,1.29823624748031
12029342,0.4001291633380228
11019507,0.8470040558722879
14022459,1.1265333182709705
11040690,0.5145847285313915
11014432,0.9911049115823428
13019614,0.8299766328532987
13033507,0.3896793133950754
12027368,0.3660097505524044
12008548,0.9789120002777573
11045055,0.44551064814450825
12003814,0.8324989601570425
13028379,0.9204465951824081
11038195,0.28609628006147786
11051849,0.799145372074966
14029316,0.306029929431367
12020356,1.1673703239157973
14022680,0.7687486047257164
12003667,0.9844837621336419
13048566,0.25485498172264887
11051133,1.1340407191670019
11052543,1.098926947234932
13063025,1.0968466622210291
13012846,0.6890165155611335
13018550,0.7296086112894032
13004291,1.1674289039215502
13027933,0.8627295860607529
11019822,1.1469851278536343
13035422,0.93854067034962
13100282,1.1730943957807358
13020620,1.0632973453119625
13056104,0.8094740299825203
13019217,0.858110021645152
12015688,0.6746207362333922
12017007,0.8305556462601047
11028136,0.35081362557586127
12011347,0.37628640815087894
13051885,0.37027165741726054
12011226,0.8564744208911526
13032659,0.9734791608907488
13065151,0.46609974364555745
11013060,0.25582015855056867
12015416,0.9745665107026655
11051135,0.4194345079894327
14013153,0.5569308692684121
12016806,0.6123190805120882
12007598,1.190786626986798
13042616,1.4564724768193873
13033962,0.4382044567391632
13017339,0.7343392147790315
14010854,0.3400134720393585
13049619,1.0059262992555218
13050984,0.27839912057735733
12012169,0.8607814433399646
14011723,0.7822881954411952
14014083,0.8286193048397268
14100379,0.93854067034962
13026128,0.5498982837883355
11026452,0.5910035418772988
12007606,0.23871655794471716
11040772,1.2791929045295543
13012963,1.1590762923364581
12003990,1.0293100315548145
11045221,0.22175723080275908
14018066,0.6755067624097519
13032460,0.2201500134641337
11044553,1.001669652278577
13018424,0.3538947031328569
13004265,0.7186792546003875
11040653,0.5120911349711317
13025488,0.20018966070634292
14013147,0.7914530673425724
13043555,0.6857999706661078
12024662,0.3248000880689719
13011213,0.7373269703906411
13018012,0.46424071970270614
11050735,0.6504686411186997
13042378,0.8762485097649311
13017851,0.7937953265474034
13025733,0.9357975276980187
11039254,0.2384598011899578
12015649,0.954263765336438
13004223,0.3425969619953957
13009276,1.1327959488944788
14011412,0.7221692827059281
13018600,0.7208339226325222
12015983,0.7963344268898587
13042309,0.24105314997170238
12016382,1.2440811353977075
11020619,0.470630410397436
11019146,0.48255608773460196
11007754,0.5668332375477955
12100029,0.7661606386576392
14021986,1.4563214434922511
12013446,1.212300616383215
12004763,0.44044789903714265
11013900,0.6898540958114223
13101878,0.7162217493411398
13010297,0.7013335468599324
14101007,0.42760988094835245
14018440,0.725164522095598
12004441,0.37634168195196804
12011622,0.8184619291572555
13024727,1.032435597094194
14011136,0.8403783691501254
14028150,0.16989286454773148
11026751,1.034582531970134
11040025,1.2544737530111023
13036550,0.9954870349232192
14007355,1.1911304242996952
14032650,0.7820215538349375
11025178,0.9628428174272998
14016583,1.2902358012074764
12013211,1.479651611783591
14039502,0.4930990063840214
13019975,0.3773507383009968
13057956,0.38562178928588653
12015364,0.6746207362333922
13064843,1.039655930887088
12013021,0.4844967501025679
14029122,0.9902030208990252
14011175,0.9403361011396895
13012419,0.8489458785137404
11044972,0.33919945253817985
13040842,1.211113436329288
13017229,0.5267674504236501
12003817,0.7013724017687901
13056058,0.5956184790149601
13004104,0.9975451578390339
13058119,0.8816223757468373
14017093,0.6656892757878152
13019047,1.0581133873285933
14018061,0.6755067624097519
14018456,0.4860867817221941
12025204,1.111198237071459
12025908,0.292002097408312
13021235,0.3800568203883863
12007878,0.9645003221415861
13034464,0.5553896173401227
13020536,1.1448785493841998
12008210,1.0919305429528103
12016318,0.7333061431045684
14034710,0.587005621857871
13041461,0.7314132307483726
14018319,1.0261421259965566
11046512,0.5399947977233959
12027415,1.1572901045135668
13011116,1.0222524489729574
12016826,0.2767718557868008
14028018,0.9598875075834644
13035333,0.8527752597897569
14022240,0.889631718093425
12028956,0.27259681033036376
13011171,0.49143298676060515
13011094,0.8666640909813069
13062927,1.0872643002582747
13027510,0.2807314271290483
13009465,0.2815206834733545
12008743,0.44458531541916235
12011124,0.3642973942763269
11008303,0.7481367189717181
13026577,0.4800191806785045
13028581,1.047866005427862
14006717,0.8010390513804648
12013472,0.6935323054263209
13035941,0.4937645198791191
14013577,0.8306373182981914
13010900,0.4035565504424115
12016167,0.7161384281580782
11013217,0.9845648560479281
13056823,0.3056623805964276
12004568,0.8345754856908297
13040209,0.6199008407811881
14101541,1.0489175453175674
13055504,0.8633828394422849
13028105,1.508415012643223
13019790,0.21516070204284096
13027514,0.9749104699482758
14007539,0.6992089795663214
13048573,0.14847814936295106
11101174,0.93854067034962
13009721,0.6231294127109392
13058805,0.662209321181096
11045092,0.8270040571009694
12008807,0.8420505056469397
12016928,0.2085854837732506
13102010,0.6227939612256852
13056716,0.9632748407851487
12003856,0.7639777971571751
14033172,0.3457487387772923
13004609,0.9457429902706332
14023375,0.5374045112824276
13024646,0.5962574122484039
14018106,0.936447195005746
12100971,0.7392260383993051
11034316,0.963954034164229
13003432,0.9395511241716208
13009724,0.8488306447513871
12017286,0.6788709525466758
14028181,0.6755067624097519
13040515,1.279253285602513
12024677,0.8668566876579356
14029001,0.6648185313703046
11013389,1.113179661037847
12028356,0.7382286127207093
13025383,0.46390971886805304
14012711,0.8050899709696535
12019887,0.5957145504379531
12015310,0.2893477271711143
13044297,0.7363315238634053
11015222,0.48660591371368755
13040634,0.7085783616786521
11043877,0.3535004621966708
12004177,1.303100194025561
12100933,0.6746207362333922
11033577,1.0287434370885893
11045649,0.2989845534160367
14039545,0.5799669156411563
11021670,0.761683660485218
13026470,1.3195133649660054
12017417,0.6278031362741553
12019805,0.6453876296507515
14021937,0.9903531192394632
12011823,0.8636656665492252
11050830,0.358808117830967
13064781,0.7835471561574505
14013258,0.9790770388984106
12028649,1.437892745406816
12025604,0.29351146617861495
13004748,0.3522489188338485
13042046,0.45596990794059467
11033855,0.7747978086316425
13003431,0.7480521762247789
14022322,0.9267533900163408
12011565,0.4229258736719044
13004135,0.39317801944807307
12021039,0.27371178305784405
11044900,0.2304197629411927
14011188,0.4222196223051541
11019195,0.8621984136102748
13011177,0.5049757431783367
11006484,1.1424510443784515
11051401,0.870013523682679
13011165,0.7159160050801219
12024727,0.7369673239614889
12012811,1.4241328446156483
13057566,0.6029924420944968
13017243,0.9036159165589833
13027391,0.9500633371335364
14024649,1.2465021419824351
12028011,0.733403804025906
11050848,0.2497629951075663
14006148,0.28763046042881657
12100914,0.6746207362333922
11033839,0.45516818910470347
13059123,1.17927201570292
14013713,1.058069634574256
11014276,1.0233309035425904
11025794,1.0920767327850804
14021785,1.1315640875067094
11008110,1.2564986704728747
13035128,0.9054700620508291
13019986,0.6741637833059908
11038339,0.4621027141211354
11021783,0.3423226112242678
13009448,1.230627305486823
12013128,0.29228813034885504
13017389,0.20060996250923324
12020949,0.8524101030516876
13011103,1.27460669186315
12024346,0.4051624207394625
11051162,0.825788151186683
11047418,1.1970926044579
13017347,1.2012256913249275
14017077,1.043440591305564
11033900,0.37026881742296686
11100966,1.0995787400998243
13002831,1.120018952681065
11007811,0.9100285593647262
13058707,0.8273383219600152
12019672,1.2741419331275443
12008849,0.5769421823152925
13019877,0.6199780077597368
11044633,0.7814212062318371
13018372,0.8999200679386853
14011285,0.7213292761593137
13033910,0.5797914597271863
13050535,0.152571511185734
12015889,1.1009790760971228
11040225,0.9721942290008704
12012436,0.5506407786024259
11028611,0.5043756761966699
12008117,1.0172691587816303
12023608,0.17826893898032886
13034693,0.4024269222639572
13057617,0.6755067624097519
13024633,1.2949321823187687
13019782,1.0457292386181984
13042954,0.9904680048356251
13040723,0.2023949348842033
11014814,0.7704815880488378
14039307,0.31288606107356265
14023053,0.43129539178500087
13033014,1.468086665121431
13017937,0.593381417297874
11040832,0.5851945818289642
13034812,0.26576002505441215
13035243,0.4331119835623255
13041373,0.759618430950069
13034596,1.093375931851856
11014372,0.27116051842912003
12025236,0.5822545447192937
11051526,0.5541168155828174
12011910,0.8305556462601047
13026607,1.0857682011641947
14023346,1.2598025151637597
11031463,0.42026011070759145
12017252,0.7320930838758263
13041836,0.36553657322610783
14023326,0.7053265536413409
11013226,0.8728328755136309
13043023,0.9313362279306069
12019119,0.3309462532101044
13018068,1.5282679645906927
11021737,0.1512709966788271
12004406,0.23040987361010698
12009042,1.2115983036894313
13003489,0.9130929868934581
13024760,0.36975500326961197
11101263,0.6755067624097519
14033266,1.169808810237705
11025710,0.6739235224366467
12023747,0.7103921776016839
13011960,0.5408125696264927
13003418,0.7070139055529296
14024594,1.2099525175001693
11032633,0.6061070126996457
11046823,1.1733763514182347
13100496,0.7628079363905398
13039890,1.2525689834135658
13025469,0.7181087972238938
12019469,1.4449520526393684
13057500,1.185948837649094
12004178,0.7789942409375751
13017219,0.3816653989847649
13004220,0.6494005842184427
14033830,0.7684472283506474
13024741,0.23896443365979192
13024936,0.4609973347281169
13064305,0.3605084933257598
12015584,1.1811942037193657
11032806,0.6755067624097519
12007361,1.1431891420005456
13004198,0.855157978850327
12005170,0.41882571406232333
11044724,1.5653926290158102
13033832,1.3692084861246094
12025415,0.8675724567456894
12011819,0.38309509009385195
12016360,0.6824105642891805
12020505,0.3309224279380685
13020551,0.30351008826343445
11019768,0.5580519596389109
14006031,0.45495270383295267
11040230,1.0570529688161234
11052766,0.5294193854879443
11021604,0.7589116979807056
12008830,0.7771196139490719
12016352,0.45634172822715685
11052021,0.31027371504521334
13043012,0.6907188922375112
12003582,1.1943943526426306
11021655,0.8378502617688554
13027438,1.0160459480615285
13026702,0.8896397702475345
12024507,1.26719516638108
11052689,0.8661319668975731
13058625,0.8575525772854915
12016390,0.9298095199032896
11019748,0.301428712066411
14021935,0.969020669370069
12004611,0.35499061497734286
14021836,0.9670321015418867
12011503,0.25460785660750745
12023990,0.371581711427122
13003336,0.9827290246087347
13019696,0.9855255514008889
12008187,0.826768375763709
11045753,1.2320374327500336
14039056,0.6092072202428169
13044216,0.8014653643977525
12012612,0.7872312782568602
11041324,0.6833370985221767
14012553,0.6755067624097519
12019382,0.7245610204908262
11027425,0.909694428093966
12008933,0.8365046248947785
12100324,1.2203446209822961
12007628,0.25439628497165406
13101265,0.9212397386304149
12021438,0.9980803166224018
12025001,0.6972727169669876
11045672,0.8142936474690394
13020517,0.4328683954215051
13017363,0.45354794908290663
14028144,0.5333820756522186
13034618,0.3445172071632398
13101996,0.623465907580731
14033041,0.3941091311473496
14034288,1.0590232614423316
13101155,1.1186338457186786
14100540,0.18946458848863018
13034831,1.2211870045058337
13010480,0.1200194686979481
13064130,0.35013804636881624
13017125,0.9134380776395683
13025427,0.9876211913487623
14016989,1.131442514591968
13050588,0.6808321622821014
11027847,1.0337891942464668
14035190,0.9455105223520687
12008929,0.23804343117792057
14100612,0.7842251582411197
11040107,0.9782845607632785
13005497,1.1754503797893419
12013525,1.3160981169166468
13009259,1.1988692758055597
12029077,0.44416033088064083
14033840,0.805886553929161
11052641,1.004323487219141
13036403,1.259009898726264
11007868,1.134231597495877
11047609,1.0058429689519695
11100604,1.2436363256696792
12004966,0.9574115902990427
11047075,0.35732353306540676
11034230,0.5990957296606993
13043055,1.0799174906293156
12020946,0.31394301407523545
12008207,0.823948186899409
12004783,1.3100948732528175
11040007,0.48101229150633884
14007353,0.9333272299968177
11038997,0.9789975047466007
13024511,1.1475930910475456
14100998,0.6755067624097519
12016119,1.1661419507942494
14017493,0.29225137243601235
13025515,1.0362141246640906
13026782,1.030502410502538
12015485,0.39038959252836963
11044343,0.3750177434904549
13020374,0.7825928731075087
14029368,0.6670972575058074
13056061,0.9798548554350841
14006737,0.765216066454506
13019992,0.4845227794979981
13057338,0.2792587512642459
13012268,0.7352237361724612
12016552,0.22675989087237136
11034350,0.7627215044382811
14029210,1.0219566562481421
11044340,0.7471433871669051
14033623,1.3792579997716146
12007914,0.722013119205412
14019347,0.6652898004333092
13040638,1.3651122090102215
14016842,0.9186952271200122
14011985,0.7653602113723073
14016657,1.0554070378633904
13004993,0.5427440677516917
14100787,0.7390161006454927
12025629,0.6379852022709555
13024970,0.35459633306212823
12023748,0.7274062884297291
13019729,0.7623556433585743
12015276,0.822635744059091
13043746,0.35264443154017167
12017118,0.28172151663510164
13012179,1.3036477346806266
14023327,0.29050401471626996
11039157,0.15427713168227072
12100437,0.3052034356072961
12004165,0.4585519870374636
13009799,0.39220789715777865
12015470,0.6844561463731789
13003830,0.17972400412113043
14016268,1.3136336917636502
11025841,0.6974739686949232
12025132,1.3916287635096094
11020598,0.6340951542847288
13057430,0.37869332851338827
13056934,0.7778535374281075
13031725,0.9014044069614418
11015341,0.4171742510618087
12004139,1.0012152037875353
13026003,0.9693154821247264
12007575,0.7697875437770967
11013290,0.8626376976149317
14028483,0.8779738358642126
12024751,0.6999389017555636
14028941,0.3625312292224887
13026787,0.2950452047440779
13056906,0.6030079327906535
12012244,0.6016444561416181
12029038,0.657202562758483
13011786,1.1931845159115615
12009263,0.6173910157906979
12025032,0.7764168189820806
14010828,0.6669018693659853
12019695,0.2726100039055648
11044036,0.4542024728497936
13043691,0.21223592394282406
12021004,1.385773941453403
12027746,0.8049685100088817
14013211,0.8928422896893624
13041572,0.5612442660468837
12016388,0.44128533614848325
12020375,0.4018124027654853
13010953,1.0846863740193766
12015999,1.017246676466427
12004790,0.4505516967293371
14013316,0.5499910307957911
11051633,0.692815453424566
13058189,0.2695375491580164
13004732,0.5823578847157462
12011775,0.8866814905056161
11047302,0.9712504727584003
12007757,0.9483755062061585
14022642,0.9875110657134905
11034765,0.26255677821250845
13039998,0.6819818798695934
13020544,0.7769418711292371
13009854,0.34536622230781094
11040726,0.5030823293266996
14022010,0.5053368007753476
14007565,0.7184469502313453
11027040,0.9314692000195812
12008520,0.9146838815929187
11007266,0.41901029429656944
13049724,1.1645179714106542
11047045,0.44898376368534865
13033008,1.3257215403344684
13025290,0.8702194236872263
14012102,0.6433164661619898
11047058,0.3728524337197364
14029349,0.6755067624097519
11044631,0.27856978523146436
12020230,0.7736358632113579
12023330,0.31265106572874907
12028669,0.5303432027281562
12016467,0.8201340569278097
11034313,0.7595559219351866
14011872,0.6755067624097519
12021199,0.7953227126194936
13012864,0.7953941402372506
14028677,0.9017302118762083
11020161,0.47185692988446515
13034904,0.93854067034962
11101579,1.0642732768424334
11025720,1.0388636761009706
11032736,0.5317838122546998
13043400,0.9676403947471389
12015835,0.9936402004549088
12008456,0.8820041273840162
13004522,0.6566132560272535
13059007,0.9972380542120299
11013858,0.30950170690067325
14011289,0.34756772265301084
13010627,1.0117854594978388
12007449,0.9037333318601944
12008603,0.4563219029816605
13041457,0.8293103007090141
13051050,1.157600148791794
11033260,0.9016964800412615
13034519,1.2848184281373087
13034443,0.8672607494092062
13025699,1.0487273368576049
14011741,0.2897354443622218
13025048,1.099331419399283
12009280,1.10842949736623
13050310,1.3774137085565257
12028177,1.2240396057639804
14023454,0.6005930472213133
12007729,1.1937718132030568
12023905,1.3365122513762888
13034963,0.7628079363905398
14100614,0.9106948415078543
11044511,0.752279416752867
11013236,0.44389841899775934
13026578,1.1669378431144115
14033661,0.4634959305368118
13019303,0.7387564261109529
11051978,0.15772601823633714
13003783,1.0497310553497883
11028029,0.35142091122384983
13017336,0.4386084938371399
11033779,0.5030092978540475
13057749,0.32461973457420995
13034629,0.7669335381874369
13004320,1.0405310882467687
13004103,0.6396030477882089
12023753,0.7189595119005963
13024743,0.7791318974854498
14017206,0.7868587869868294
14006711,0.7728210730970732
11051563,1.2121754894172223
11020273,0.22525644531880762
13027621,0.24134707264437474
13051087,0.8247200008240149
13035252,1.0775811066609402
14023726,0.5563784539952392
13026228,1.4129688464850378
13016918,1.0819808651916571
11041352,0.31421070935594786
14039088,0.509413892088183
11050787,0.6324982571109063
11101105,0.9897598614515948
12100949,1.0058924651062042
12021083,0.20882334167203848
12019815,0.9952268764577283
13041944,0.29674219768749055
14012460,0.6755067624097519
13051772,1.3277998198153549
13017135,1.2022918948254364
13034601,0.9891727095869618
11033830,0.6794565732357741
13040176,0.46293682373627143
12008326,0.7674875158791032
12023825,0.6755067624097519
12028773,0.6746207362333922
11041081,1.2153054749384853
13033262,0.26889274930273555
13004315,0.39651913225181773
11020727,0.2335882695127342
12023600,0.46283822925084905
13017355,0.9460864071622722
13019256,0.6714419050426725
13059396,0.8777475283475926
13016239,0.7979404233332523
12100417,0.7693360712332925
13012904,0.5195429349622631
12007920,0.5629234461718375
14033812,1.2178044083109545
12004474,1.3698947205308727
11033372,0.20749911845075197
13012126,0.6755067624097519
12005123,1.0052412729626305
12020727,0.5971639683987052
14007137,0.7024785544231771
11100802,0.6178961545999697
13034113,1.0890477005289176
11051201,0.9555248949522346
12005456,0.40767450140450967
14023234,0.3744112031603997
14012894,0.6755067624097519
12025094,0.8385101719238711
14011759,0.5744990457241967
12028393,0.9736531376996943
11014901,0.35345438535141743
11045205,1.1033151099035743
12028639,0.9801203221529999
12019709,0.6746207362333922
14019342,0.9103267292497309
13012352,0.7134719345465594
11007332,0.7777845815569526
11025749,0.7030813351316076
12101390,0.8991988468843914
12024479,1.0689055141036738
12003536,0.5981119519044474
13020095,0.3007231326143872
13026795,0.7545133105863445
11052394,0.8246719410509195
13034624,1.0382945698384147
13040082,0.9817426451783441
13012383,0.35632409022064543
11051545,0.7596404379995649
12029377,0.6295789154301725
12021080,0.8190111785334321
11045071,0.5197074594396358
13044163,0.7422745998336178
14026711,0.6456664617907883
14101264,1.0482757109330554
11045549,0.4313305183595951
12019543,0.3000851984481701
14028554,0.6323900440896186
13051437,0.9479014730698274
11007034,0.8645791643801914
13024003,0.7473405561623508
11041315,1.110299484019759
11006771,0.33044409033283106
14022928,0.2614177436423502
12029411,1.202888477278253
11101160,0.9442903244566352
13041530,0.5778958414391875
13048516,0.5386842620205018
12019424,1.1151132404273862
12020045,0.12503502556876117
11021666,0.6287953996092304
12005447,0.4219809680667631
11034769,0.2522947174597006
14027545,0.7755932705516687
13043068,0.34442688529682425
12008533,1.0536775887778687
13050450,0.7954181749574043
14023661,1.192951631444511
13035086,1.3619723906118693
12100525,1.0465925328033825
14033536,0.5435999635467941
11040856,0.6395515391245808
12027932,0.5264317744802504
13002872,0.6343020097466617
12017000,1.3304727136228949
13064530,0.34160866589113104
12028985,0.8976530753296271
12028019,1.0490003399744339
14035181,0.4920474759533506
13065177,0.9704259131754521
11044863,0.49575135617727073
11052033,0.9755546882134216
13035943,0.7413064728309153
14023291,0.5929363418195831
13020527,1.546740183441206
13019861,0.5263656089628437
11045409,0.808037364784677
13051079,1.2340942526845133
12013503,0.23912444261475635
11051163,0.5553167985354569
13041621,0.5517898004144335
14034665,0.23525550261062492
13063591,0.9968558884607608
14043854,0.8288231207762466
12011846,0.7550318505783146
13050655,1.013075581083809
12011513,0.4507461172011392
11032900,0.43124048264952947
14022011,0.4234028978902521
12005110,0.8589063244316631
12020697,1.1836787509716478
14029541,0.6755067624097519
12013547,0.37486963657931877
14023045,0.9728110400381295
11014883,0.41555197863975685
13010543,0.19695209865067503
13033830,0.3684440728705306
12100280,0.8564727064240318
11014108,0.7942461884824157
11024931,0.4263280863347387
12007912,0.8506535021876189
11039061,0.26006066296938324
11015247,0.2893264558640617
13035052,0.5974422908936379
11052625,0.7529217160516247
11100202,0.7536721511122847
13004254,1.1471584158740078
13005332,0.940256138418785
13011184,0.5032405155094586
13043034,0.37257118977045967
14022237,0.9921507302196599
13017987,1.1015599234387468
11051580,0.9831724165508633
14028073,1.168614643052581
14028855,1.0846895231233034
14034607,1.230177270159251
12015887,1.1750562126214974
14007054,0.35615977306083774
14028832,0.7290515091107903
14034297,0.8252653357466264
12016329,0.1602642304416937
13011526,1.4857868370487217
12021101,1.2132407076990348
14017719,0.7141416938388638
11037887,0.7217259727867049
13063478,1.2516703570000811
12019604,0.6883335960914629
11033178,0.883944416998836
12008653,0.7307649430919038
13004608,1.0133048870056993
13043167,1.4327000765371891
13005496,0.2443499812162131
13009543,1.2173751320434407
14006992,0.7135844971214287
12024196,0.9080376887392272
14023741,1.146433462893329
13101067,0.9556758255710938
14100499,0.7637551169338836
12028467,0.7500877235437552
12027597,0.905676157577061
12029471,0.9634624518317989
14101010,0.6755067624097519
12017058,0.6220888917087259
11027054,0.470872377684738
13035207,0.4458166670553983
12019919,1.4286178189171022
12013241,0.3016697790099215
12015635,1.0226176898730799
12015967,0.9592614279381816
13026391,1.0424802341054533
11013585,1.0996553396787152
12011933,1.3428242079423451
12020424,0.25317975116393576
11040179,0.5682846665399587
13010464,0.9614932585337769
13009796,0.44451701998871707
14012289,0.4989134578844238
11033292,1.0159129361541823
13017955,0.5979431279452858
12023687,0.4581266118189305
13025463,0.23943063279808793
12003965,0.8606243159827485
14018756,1.025197194834855
12008826,0.4386333382893074
13050852,0.7617652517014821
11052446,1.101529340785482
11045662,0.8357780807973814
13010817,1.0269229420977208
13049807,1.2830169897211938
11014133,1.0239553110933937
13063157,0.38773444246866384
11047491,0.45600204545669726
13032803,1.4659141347035998
14007945,0.7675703455256636
12003737,0.5930605946128666
12021312,0.9874078307128844
13057487,0.5895117262164253
13035615,0.9219505278051554
12029106,0.36913663212162473
13040601,1.4643296784680193
14016074,0.6941288186265329
13064327,0.4502485508013595
12100420,1.2264050934128845
12028544,0.9476218528000845
12009047,1.107797730675082
11026598,0.5366897484158067
13036013,0.6466345488250748
13012416,0.36271594326030276
14012163,0.6397603924407261
13042370,0.5360748956755099
14100646,0.933512140946754
14027038,0.15045710622850492
12027459,1.1773225935221898
11033221,0.5928046495521027
12019502,1.5005956780963792
13019225,0.5187359702205798
12025025,0.8380238006072915
14022962,0.4402696642896967
11045619,0.7966806801216566
12028299,0.22730356640324456
12021047,0.561779675665725
12024386,0.4603337217007101
13035870,0.6830270387746498
12019646,0.5259786757758462
11026276,0.4738050841467737
14033847,0.6306935089193937
13017285,0.6781849400189182
13049844,0.8253934302665947
12015444,0.9377378451647701
11045716,0.791671858219102
13018333,0.2984450700089531
12015593,0.7805221692049306
11045031,1.220957591796697
11028075,0.26356058850456976
11040285,0.8411730398743883
14100261,0.8275289104037733
12015548,0.5485517495831566
13041809,0.8694215277793764
14007091,0.5227413623115614
11039698,0.6599887756839085
12015024,0.5656950979097438
13100736,1.369640151217732
12019571,0.6457226509991026
13056251,0.3278199340966497
14008382,0.4731743173861682
13056835,1.1365472192290331
13051796,0.6467011544241116
13011152,0.9888004922230709
11007781,0.895470590603388
14021961,0.4870703824699922
14022356,0.5678284470594208
12008621,1.2541706045037917
12028986,1.200049572267281
13018648,0.7345757866432482
12004391,1.193119577467641
11101172,1.221329259537495
12016853,0.4196327447989716
14026915,0.5421101761306466
12029386,0.3942848203117002
11028049,0.40545236758681763
13049586,0.5663513462188232
13003802,1.209505606563509
12100598,0.9604422308754521
14017419,0.5095455706692473
13057354,1.1065751912439494
13032469,0.532013458436969
12008558,0.22997633265992554
13012290,0.975256661217445
12100304,0.8817223874388479
13044107,0.3148449939607816
13035277,0.1289354580271228
13032322,0.7628079363905398
12023344,0.8597333689185171
14008423,0.6415314851819689
13028622,1.0335841155906589
14039646,0.8254074501624493
13017218,0.47817159152699235
14005636,0.6980362990813647
13032938,0.8148782435026365
13050617,0.9544429077648666
12007462,0.9617840300576905
13100697,0.35482459047676707
14029829,0.604725544210404
13025170,0.8530026083164111
13004735,0.40300336310187845
12016691,0.6887988766045414
12019450,0.9766408366611383
13035775,1.1159942160720357
12025488,1.1569736649253912
11039617,1.0775944483639557
11033353,0.5128934502354452
12008844,0.8510531671280412
12020038,0.4043428823841002
14013282,1.1396573337676763
13034622,0.43704232376806057
14012728,0.6755067624097519
14006681,0.5242302561721223
11044379,1.360538983961395
13010477,1.0857628163338626
13043717,0.9313654559498715
13012368,1.0446043180349067
13017181,0.7762371533951612
12011912,0.5924138640306553
12024844,0.8694669855639805
13036593,0.9659538863705819
11051123,1.144232047630454
13049875,1.2386926217161613
12101166,0.7753655088564457
13012973,1.4196872877271591
13003566,1.4384531327527872
13028008,1.2978532008395391
12021024,0.7356122752933125
11027928,0.7595559219351866
11014805,0.9365332000816102
14027501,0.5943827130626265
12005549,0.4159879783793186
11038647,0.8298913963263219
11033824,1.002496240669313
14101248,0.7108467357743995
14012324,1.144735519027222
12028661,0.9025391948372761
13050331,0.845059366229526
12015765,0.9057302578779236
13018875,1.3121413978916736
11051074,0.3506369019316925
14013763,0.5499903817102954
11019067,1.1996303564100177
12019380,0.7464755149474502
11020771,0.5969687849727962
13009951,1.1093267236158475
13010258,0.5112763750216044
11045710,0.37296166434550365
14012022,0.9069510809891734
12025788,1.223087213922288
12008905,0.6553860392442616
11039105,1.256068936666784
13035251,0.7139365917011609
14028085,0.9127917173041283
12025418,1.4623725460155907
12027356,0.8345370878123348
13004601,1.4195018901247263
12013393,1.0412469919455338
13042070,1.3196137387786968
14019041,0.5137828128012171
13049147,0.8377570238392711
12004029,0.37347798057219955
13042300,0.35285352540135373
12003671,1.1096477866908774
11050792,0.34588923945811806
13020375,0.5743379125622414
13026886,1.351283034167013
12020324,0.732256079001818
11027270,1.0858366231538112
12007583,0.9797125623157515
12020798,0.6755067624097519
12017441,0.6436496361373454
13026185,0.6503902050322031
14022564,1.0738147432327325
12004759,1.056779907206458
11041377,0.86566981350132
14022777,0.47641779544047613
11019675,0.45197438267254686
13026820,0.7187012528031934
11014346,0.16762858270713407
12012934,0.93854067034962
13008961,0.23264285541562646
11013323,0.25190792735585493
14016300,0.930642240140584
14023704,1.2881945143655669
14013707,0.6362077939372293
13026459,0.46045150865198714
11038525,0.3421745321731541
11032740,0.285629454446676
13033929,0.7809554547699968
13049861,0.9302648169820406
13044063,0.6738282076782177
14018457,0.6755067624097519
12013199,0.8675971543345781
11045486,1.0113656702291434
12101370,0.5667239373784527
13034650,1.0522822320241392
12007970,1.0463926770543204
13028093,1.200484169976806
11046258,0.7775469232826445
11032119,0.4474752012686162
14032729,0.9509087297803335
13027440,0.8060263007280787
13018477,0.737551448249633
11052546,1.040111732645499
12005595,0.3308454248217553
13010197,1.055693082722787
13039960,1.0681687861614826
13051927,0.8954327193128772
11051206,0.7507085821593926
12016373,0.7384469983159574
14034520,0.5577180225311734
11027702,0.7595559219351866
14028542,0.5863427797136336
13041629,0.2640215294434053
12023980,0.7081283995818247
13059467,0.7521041141115252
11002218,0.7089013849180976
11019070,1.0286328071091362
12011951,1.3216993718045442
11053151,1.0037215060956393
11015190,1.060067735586519
12004738,0.808991312775267
13064086,0.372916367277789
13025089,0.2074359966111109
13033061,1.1464536145210225
14101071,0.7497145739046243
14027658,0.21267348914356857
13033022,1.1980619191369508
12000840,0.37592951077512266
11047288,1.280600326549789
13024813,0.6531941384060252
12013534,1.2036950898594236
11040129,1.0715639857383459
13040031,0.4420533009242749
13019597,1.4520517652336742
13009547,0.7689407919819566
13027329,0.4669939487160748
14011327,0.9163386057245428
12004145,1.1211407706523921
13041422,1.399877341761231
14100972,0.7314987993637302
11045081,0.30326758116338026
11044649,0.3950486101559945
14016617,0.5087140187452257
14034389,0.2201191859174315
13043368,0.7628079363905398
12016740,0.5546877134654732
11046355,0.9557039869643599
13064632,0.4444587636555122
12025511,0.6755067624097519
13004627,1.0660717605623324
11007297,0.4202333715547812
12028686,1.1566992021005793
13043634,1.0931780326862615
11037452,0.6179358051643895
12025637,1.1605738818005074
12018855,0.41445244950406496
13057208,0.7194502777956883
12007508,0.8160638084654163
14012607,0.8260392332481685
11021768,1.176786755830758
14018582,0.35750584487712966
13036675,0.5448668365917373
11027576,0.1490759850591483
14028982,0.7361738386155994
13019786,0.8748701931982188
14017834,0.4527784986935044
13039549,0.6755067624097519
12027979,0.28354293515647777
13051890,0.416315996809118
12015298,0.9971375807896473
12025571,0.9817358132053468
12020049,0.22871254279189168
14006016,1.0897117028032623
11027084,0.7547427307975764
14012351,0.6755067624097519
13017841,1.1306615078003501
13064321,0.6790854890554641
11040764,0.4601548076435764
14012693,0.357616257945478
13056598,0.664790342920214
11040683,0.8133687717684248
12023802,0.8494652877835711
13024700,1.3919846144442503
11026856,1.1012114336204748
13027707,0.6664215096844914
12003837,1.009769870504726
13042884,0.36241485031391973
11025655,0.6102206038027436
11034944,0.7517636166385914
14027745,0.9708943568055609
12012563,0.9601336275099034
13102000,0.7614529230961589
13042690,0.3391890860762234
13011773,0.7175306006827706
13034914,0.4740037549304632
13028066,0.6823613342190471
13033281,1.400098785599662
14007797,0.523969320903468
11101144,0.6755067624097519
13056712,0.27649562408928396
13027359,0.42228411570161983
12011844,0.9374763811298789
14021964,0.16527320289981698
13020158,0.4880088155165276
13028529,0.34459076195667304
12025304,0.5916382984762267
12019454,0.9877524310435775
11040734,0.5180223099347919
13040773,0.4152500670747008
12028305,0.34237875074117224
12011605,0.37139099833503814
11019939,1.0590557841666932
11034417,0.5405210709719837
13010717,0.21895613967721114
13063474,0.6490596810781262
14033325,0.6054480974130915
14007506,0.90093170372725
12008544,0.19503927628132334
13048226,0.3618125077152523
11032171,0.5932209665350319
14006645,0.5299541109087227
14034758,0.8259497473654124
11052762,0.6272360351883817
11044261,0.3153069067938814
14017835,1.1095755294788032
11008235,0.7595559219351866
11026243,0.4549845070467302
11032185,0.93854067034962
12027966,1.000861792899385
14007593,0.7332868587693093
12005214,0.5085420648263446
14035078,0.48416460541106654
13019585,0.9878236465416687
12027958,0.9506129165668128
13057993,0.798123405766166
13012241,1.492651894205984
11019174,0.4749268553492041
14034714,1.191513108857579
14021629,0.7522027765787955
13102013,0.93854067034962
12017067,0.8325133842167681
12008082,1.076711272658137
11031737,1.2592027059620592
13027268,0.308056082726568
14007919,0.38034453917601063
13040425,1.5143223096653695
12028483,0.3602734411247177
12015208,1.2362134346734246
11051990,0.21332672023428004
13042264,1.521522065628347
12023310,1.0233772787945379
13026173,0.843886792920441
12007461,1.4546801248219057
14034398,1.068019296883756
14039132,0.7068594032414877
12015963,0.6403841558635626
11025774,0.6561716854208388
13058243,0.7728991888694592
13035959,1.3203284441270413
14012548,0.6683879262096979
14027215,0.5087800324396416
13039602,0.9104816662406814
12011882,0.8506245454327893
13050461,1.156129487421348
11033667,0.6331895117343549
14027466,1.1160019193271298
13063576,1.110442817992595
13049877,0.6912178439646817
11027848,1.1299106810830326
12028330,0.8412463203180631
14018950,0.21097847102042974
13063958,0.6536675383842909
12013212,0.2426468494365367
12027974,0.7246061271404817
14007014,1.1318812920993306
13009491,0.7479331585278295
13056098,0.6427622689911603
13047791,0.9930635292512782
14006174,1.0205016014200239
13033217,0.3691656349659941
13024838,0.6755067624097519
13017991,0.35624871317601714
12027602,1.4458757023468038
11045361,0.7781196294144004
13018046,0.3956083538151683
14006651,0.9292364114293983
13035980,0.8034152722561245
13049784,0.6760415318763829
13004227,0.9988932439639072
13011409,0.7420752784160165
14022776,1.0318030303713466
12008652,0.6746207362333922
11013185,1.1972159694866782
13051031,0.3297336115332755
11040200,0.7485705338610924
13026491,0.33644832449201356
14012033,1.047944377763023
12011674,1.1346175770604567
13101635,0.5016234972195299
12011827,0.8533780587058437
11027762,0.8771231879732959
13018556,0.6832209983253559
13031798,0.6755067624097519
13035218,0.19256556497994617
14028980,0.4725357452496912
13011831,0.2603477503000597
13033889,0.4682712138156017
13027965,0.6707682255672058
12023421,0.9880270135715681
11044345,1.0186867781078004
14012370,0.6871734731188288
12011480,0.24301400763269437
11046290,0.7965802604087214
14023341,0.46257964967868964
11021175,1.1977807276725052
12005081,1.3074734206029004
12029886,1.1459727603800536
13041622,0.19412034206241982
13033153,0.7108046724874555
13049092,0.8387262292373237
11052299,0.8492486059887024
13017550,0.8687395747716986
13056847,0.49156444374231334
12019047,1.1485472792552776
13058814,0.7580148151418694
12020050,0.46634730087114706
13040963,0.6755067624097519
12025663,0.8571642075813733
13032431,0.19639979237932934
14017033,0.3796397134658726
11018136,1.0437694456053046
12012856,0.3406214372503921
11052000,0.6093265082160048
13019171,0.6907318539754308
12013071,0.6585605821711937
12011447,0.4879193571771091
14013281,1.0827340864045296
12025475,0.7547887244665992
13051130,0.15739354066961547
13101025,1.2000530285076045
12015530,0.48940780018085295
13042266,0.9793038261407377
13005179,0.36903250262096965
13012511,1.2137099319767157
13048754,0.5463561264322518
12029049,1.2085800507611744
13011280,0.8905877960327891
12023771,0.6755067624097519
13042262,1.537640726123835
12012773,0.4947520452991444
11051188,0.5235243379938816
13034390,0.8706788736713655
12008212,0.5201727672244714
11045255,1.4523269948209407
11020653,0.8382732938829132
14013683,0.5047058855545015
12021113,1.4407288493006076
12009217,0.24453304635380613
14013349,0.6082492259450003
13050949,0.6695150324588589
14012673,0.6920965034376036
12012813,0.9968780920340989
12019054,0.438181499444024
13051014,1.1261294437457512
14018913,0.21628085582060863
12016111,1.2949455300170385
13040146,1.3632286454741698
14021941,0.6716341185549289
12015685,1.1784449089278028
12008204,0.8647376587074939
11007167,0.6433128131134014
11047082,1.1093461944289935
13050604,0.41990480463839175
11100629,0.6755067624097519
13027779,1.2477864288579523
13032584,0.7287940350605474
13059261,0.8453049961485263
13049879,0.5054437025145075
13034285,1.010748471992921
12016021,0.7495317666170287
13026016,0.3355404152801227
13018018,0.5429718033606699
13011004,0.7558025489715854
14024026,1.1111044703061523
13042181,0.653353604030494
12009163,0.9646881422781701
13042229,0.6463960126266278
13017369,0.9738742795497584
14023332,0.9630141710617242
13050616,0.12013279810145111
13036325,1.3234789679473473
12019113,0.26481028096217524
11045251,0.5687049886524188
13056185,0.31862455286488955
13002626,1.016223588006494
11046580,0.670401551297793
12016369,0.3396461719109116
13057051,1.1638824096137403
11033799,0.19500798460268962
14012889,1.201627062239152
12008171,0.770520507174371
12027424,0.9366039536786723
12027706,0.47825258124106973
14040532,1.1415363880829634
13049208,1.4377206701101959
13017358,1.420630685679937
12023983,0.3480519975906411
13050974,0.8252921501453225
11052964,0.5385473497855425
13055873,0.960826079931903
12011911,0.6755067624097519
11026421,0.48925149907568255
13041590,0.7372702454364499
12007564,0.5270163085034298
12016117,0.26305837064452176
12024024,1.303889306603932
13058247,0.5558681228311355
12008195,0.7910755847456398
11040804,0.8644444456427787
14018060,0.6755067624097519
11014783,1.0042099070374664
13019179,1.4140928484684747
11021057,1.141798985593315
13010499,0.4981325811319501
13041540,1.1127750605972229
14018751,0.9844696340376506
13025314,1.4135026520503202
14018321,0.6755067624097519
13100746,1.4052750739049458
12028256,0.5157390597699306
13018044,0.31172927181120574
13056265,0.6755067624097519
11033186,0.9169905012770095
13020308,0.48409990744265297
14007622,0.7412612445659762
13100956,0.7628079363905398
12021017,1.0588191334500892
13101705,0.5409815361007584
13100470,1.1353503650624583
13033884,0.41719062808358187
14033767,0.17292751827510078
12009170,1.290324393744819
13042886,1.281649188084595
14008403,0.1799920471437687
12020545,0.5453953119371858
14016630,0.4050966949843608
11019744,0.9464562299540464
12017450,1.438677771858704
13036653,0.7668414885961636
13101175,0.7314987993637302
13012742,1.415621905008311
13042847,0.46342895394014716
12100268,0.9857469620449925
14018748,0.9798373398561927
11039034,1.0092033113920496
14034498,0.26829412668627817
11045872,0.2112443742177477
13035730,0.5167997888475842
12019977,1.2760331568554275
11100651,1.250344549171885
11039609,1.0328323320871988
11051141,0.7203858792185819
12007466,0.7711333650561094
11006983,1.2225952044556052
11025863,0.8091874280211822
13011752,0.6510726563400338
12020639,0.974420318345086
13025217,0.9973370668720307
13056093,0.8004384133494622
12028560,1.2270154935270772
13043521,1.0991798039258225
12020704,0.5019461720960843
13042321,0.1673189417893927
13033220,0.5509514061975378
12024246,0.5342489828304903
13041617,0.6971972868856702
12004580,0.9356302086699689
12024305,1.4437145268192304
13058120,1.134305343737002
12015924,0.8595485248433553
13049158,1.2591929204261
13049640,0.44633812429899705
11040275,0.6784069544154708
13064800,0.4501336979452646
13051577,1.2439560825724725
12009204,0.4739785468644526
13034938,0.7613065269631962
13018911,0.7214929919970442
11047369,0.7877602321854952
12028707,0.32425266471180414
11007803,0.1668201066470068
13003407,0.8761678909876439
12009029,0.7130962620003252
11100783,0.4818767388758618
13058746,1.090366441676668
13025060,0.7105581113652191
13040115,0.7374736798619026
14016670,0.7620833130006373
14039183,0.9818213305367699
11045624,1.0383375078362493
12020970,0.21943334834304923
11039127,0.1732307320529839
12019759,0.27620497260806615
14013109,0.8803326833985455
12025191,1.298632590102792
12012479,0.32547514530773936
12005145,0.34325975141641984
13026087,0.5859800056901658
13009876,0.42189242017907597
12013243,0.887122581352556
12025179,0.19169929663522917
12004349,0.6398157984867779
12013032,0.529235243738264
13101684,0.8006033571991219
11040034,1.1288839130008406
13018540,1.040192143388317
13033763,0.7642318665698156
14039651,1.0128066993598204
12020323,1.0680465000675736
11044555,0.6054622622584404
11039297,1.2549631533693097
13055460,0.5753058243916755
11045856,1.0169920460500883
13035899,0.8918716220910868
13012173,0.837269343192677
13019136,0.34941370277786055
13026783,0.9632226348677774
13017297,0.20978827800563235
11100402,0.9146535883379089
13034092,1.506244325445057
13035921,1.244323500432719
11050713,0.3570480519975801
12004413,1.299155258382648
12028303,0.9691503255839018
13036116,0.9570891628291565
14012977,0.7436581569325942
14023747,0.6379035453072017
13051177,0.28296710556443233
11045892,0.8279786029532761
11045200,0.14687319037903412
12020074,1.038124147666598
11052945,0.9885669316304779
12016007,0.6855567243073575
11020260,0.4759637478652564
12004718,0.19342306603546136
11052261,0.283453238844729
11026375,0.8461593003579685
11027930,0.8200299960263933
13033574,0.29078466375390966
14023051,0.5315694552230354
14013845,0.6407526099273011
13005478,1.1817734890755296
11044005,0.2634168454874079
14100335,0.6517717681942287
11027862,0.8396842105086171
12012516,1.263291553668259
13049583,0.18561225284260702
12016018,0.727736958157457
12008443,0.2803552322300915
13041849,0.9577006444168553
13051068,0.29520306444999556
13044147,0.7774708678232183
13025531,0.3434520379491185
14006367,1.1386887554032623
12023606,0.8845563079865605
13018015,0.42819613981470905
11051733,0.6746207362333922
13017893,0.968119205245212
14022815,1.12694969667152
13101997,0.6898040704368775
12016305,0.9453493397381635
11024959,1.0995675140427075
12021068,0.7344874125868222
12009396,0.31842476479468645
14013542,0.7798478313784065
13063516,0.7349739843004619
12025209,0.5228170808703584
11012866,0.628317733141397
12024312,0.9192977796147664
12016919,0.2243358558356995
13035723,0.2838443438733894
13036633,0.6289890872110503
13025570,1.5372531239993499
11044046,0.3604889720830812
12100580,0.975538775840996
13042955,0.42991840465729136
14022958,0.9247894208034705
13039568,0.32585684439721385
12028967,1.065191087716655
14011849,0.7760454531439127
12025594,0.3483639372339189
12007558,0.7420329985140754
13028726,0.40674687438854357
11039114,0.6373125782573521
13035176,1.0937449190332522
12007835,1.1718161947417356
11047639,0.3554344401175877
13035322,0.962369409537293
13033872,0.7015037747267941
12029391,0.9378118145898932
13027414,1.3165484609692806
13019122,1.524996688002028
12024666,1.174868899345347
13017910,1.1274646357137277
12016346,0.3534504812260087
14013673,0.7063815993429148
12016725,0.2927465291932604
12008840,0.3644362232339989
13049384,0.6755067624097519
14017554,0.43867734424936305
11033355,1.1769030834529683
12020795,0.8305556462601047
12020411,0.26202564250263566
13026034,1.084736940594823
11008124,0.778248752112083
13012923,0.7858808640751562
13011173,0.693809656751613
13027512,0.6766492116083501
13027506,0.39760702103089907
14039546,0.8937783706060156
12008819,1.159739739556603
12019453,1.1867605579267955
13036529,0.47885362565229456
12024401,1.1287085554828673
12005807,0.6174936967658469
11050874,0.34119302116200895
12025366,0.6861245683135235
13009874,1.0121281045904404
11045172,0.512441157471471
13019733,0.805133632034089
13032167,1.0581629877482297
13005291,1.3258550348253153
14024236,0.6755067624097519
12023720,0.30355312738605544
13017070,1.2082826220029146
13041788,1.4648427853833215
13004618,0.7523463855030785
11033821,0.473197028314127
14017734,1.2856810625787762
13058149,0.408196575803672
13064585,0.3767254623342873
